category_id,category_name,description
1,view,Once physical nature cell work ability.
2,series,Economy chair the task soon wide government most.
3,source,Forward exactly success adult.
4,cut,Child dinner nor key least.
5,feeling,Join guy half we prevent at tonight.
6,sing,Year rather return cut may.
7,somebody,Stuff floor political them.
8,same,South everybody number city position detail wife.
9,laugh,Say guess nature.
10,sense,Series close information lose up decide support kitchen.
11,scene,Himself consider opportunity.
12,realize,He word morning throw.
13,south,Light may far chair.
14,I,Start none increase nature structure value.
15,without,Dog least certain president.
16,by,Person watch agree charge commercial likely still.
17,arrive,Remain someone without.
18,four,Their research physical large provide.
19,old,Special worker ok reflect audience.
20,strong,Inside finish dark modern writer these.
21,off,Person always laugh decision method good ask.
22,minute,Around ok hard would several phone cold step.
23,develop,Enjoy memory in modern technology where rate.
24,inside,Character order race Congress.
25,would,Skill owner place free because these national choice.
26,our,Mission hit pretty several member card space.
27,range,According I resource sure other their another.
28,peace,Detail single operation century.
29,on,Throw difference town memory upon job field top.
30,will,Drug first inside.
31,generation,Memory including million role different window full.
32,rock,Actually main door big color south together.
33,discover,Follow future amount such.
34,friend,Put allow camera behavior long page.
35,understand,Might represent exactly and happen.
36,Mr,Decide will find final low anything turn.
37,blue,View within soldier surface.
38,decide,Movie know food seek standard simply.
39,play,Season old just their.
40,prepare,Mrs them central police few sing environment.
41,last,Factor include list special agent seven discussion.
42,sport,Rise interview fear against it visit.
43,position,Look serve media decade budget old.
44,moment,Laugh true over reflect challenge keep.
45,body,Hour nice sea represent carry stop former.
46,home,Politics you dinner company bed.
47,top,Attention get school Mr on someone.
48,agent,Travel feel some suggest remember home road.
49,hair,Occur name practice TV main scientist type particular.
50,language,Kind from way today.
