customer_id,first_name,last_name,email,registration_date,phone,last_login,is_active
1,Danielle,Johnson,john21@example.net,2025-02-28,296-500-1338,2025-07-08 01:02:17,False
2,Jeffrey,Lawrence,blakeerik@example.com,2023-06-02,223-951-1615x594,2025-07-07 14:53:10,True
3,Teresa,Gray,maria95@example.net,2022-02-27,001-410-734-1316x475,2025-06-28 20:03:20,True
4,Elizabeth,Miles,lynchgeorge@example.net,2022-08-09,(276)748-3503,2025-07-01 01:31:34,True
5,Carl,Gentry,jason76@example.net,2024-06-04,(842)738-8496,2025-06-22 05:39:44,True
6,William,Davis,callahaneric@example.org,2024-02-11,+1-616-769-7848x018,2025-06-17 00:06:10,True
7,Ryan,Chavez,teresa28@example.org,2023-01-23,+1-289-332-5288x0957,2025-06-29 05:02:18,True
8,John,Allen,millertodd@example.org,2025-01-20,001-822-778-2489x63834,2025-07-02 20:33:31,False
9,Shannon,Wright,morganbrianna@example.org,2022-05-25,5106310518,2025-07-05 03:41:02,True
10,Amber,Cummings,esanchez@example.com,2022-02-21,216-856-6701,2025-06-28 01:27:05,True
11,John,Lee,ltaylor@example.com,2024-06-16,517.481.0801,2025-07-01 07:38:31,False
12,Timothy,Hancock,martinaaron@example.com,2022-10-11,246.787.2343x098,2025-06-14 08:44:15,True
13,Breanna,Shaw,brianromero@example.org,2021-02-07,+1-813-761-9399x091,2025-06-24 05:56:57,True
14,Elizabeth,Edwards,randy47@example.com,2021-02-20,6794911838,2025-06-28 12:45:36,True
15,Natasha,Wood,samueldaniels@example.com,2025-01-08,4846124118,2025-06-25 06:24:18,False
16,Jason,Cooper,william40@example.org,2024-02-16,300-352-4278x680,2025-06-18 19:47:45,False
17,Barry,Wood,russellwilliams@example.com,2020-11-10,(833)215-8692x322,2025-06-20 07:06:20,False
18,Sandra,Patton,vpham@example.org,2022-10-16,(616)507-3375,2025-06-22 09:51:36,True
19,Donna,Ross,michelle45@example.net,2024-11-08,(785)701-4294x0196,2025-07-02 18:34:15,False
20,Tracey,Wilson,jonathanfletcher@example.org,2024-12-11,+1-635-661-5951,2025-07-01 09:56:51,True
21,Richard,Phillips,jamesortega@example.com,2022-01-01,+1-794-968-0443x699,2025-07-03 00:51:11,False
22,Emma,Dixon,donnacampbell@example.net,2023-05-17,934-333-2003,2025-07-03 16:44:00,False
23,Olivia,Johnston,psnyder@example.org,2020-07-27,001-716-932-8708x31727,2025-07-11 07:55:37,False
24,Patricia,Simmons,vmerritt@example.com,2024-05-08,734-787-3471x434,2025-07-07 19:27:29,True
25,Devon,Hall,jasminebrown@example.com,2023-05-04,+1-876-903-6690,2025-06-11 21:00:16,True
26,Kenneth,Price,vmedina@example.net,2022-05-26,234.867.0656x2729,2025-07-10 07:44:25,False
27,Elizabeth,Miller,dtaylor@example.org,2020-12-13,965-237-5564x641,2025-07-07 18:36:14,True
28,Zoe,Bell,harringtondenise@example.org,2022-08-17,509.923.2719,2025-06-24 00:40:50,False
29,Miguel,Obrien,stricklandfrank@example.com,2021-06-10,001-504-396-6319,2025-06-26 05:30:16,False
30,Caroline,Martinez,reedross@example.com,2021-02-09,950.967.1657x26284,2025-07-02 17:36:58,False
31,Brittany,Morris,mariahmiller@example.com,2022-08-06,001-779-696-5075x27354,2025-07-10 12:42:22,False
32,Nicole,Peters,christophercortez@example.com,2025-03-30,001-937-777-0143x63495,2025-07-02 05:52:59,False
33,Andrea,Bell,qnelson@example.org,2021-07-19,001-635-318-2337x4989,2025-06-21 00:17:55,True
34,Jeremy,White,ericksondavid@example.org,2020-12-26,+1-942-971-0947,2025-06-28 03:05:11,True
35,Tammy,King,ewilson@example.com,2024-09-14,390-822-9413,2025-07-11 00:32:47,False
36,Krystal,Perez,chayes@example.com,2024-03-03,399-409-1334x1232,2025-06-11 17:15:09,False
37,Shannon,Wheeler,antonio44@example.net,2024-05-20,434-693-6183,2025-06-18 11:51:09,True
38,Brian,Sparks,scott74@example.net,2023-12-12,288-377-1906x594,2025-06-22 16:51:05,False
39,Mary,Johnston,keyemily@example.com,2025-06-04,9273874296,2025-07-04 09:44:13,True
40,Ricky,Morris,hodgemark@example.net,2024-09-26,968-807-1545x1680,2025-06-14 05:17:15,True
41,April,Dean,wgarrett@example.org,2022-04-03,282-847-7109x324,2025-06-16 02:43:54,True
42,Victoria,Durham,pvalentine@example.org,2024-10-05,001-548-446-7737x826,2025-06-14 23:28:11,True
43,Kendra,Dickerson,sarah84@example.org,2022-12-05,001-849-997-2787x5588,2025-06-27 05:01:59,True
44,Tina,Allen,xhall@example.com,2020-11-22,976-262-7028x95171,2025-06-18 14:05:18,False
45,Monica,Booker,harrisontanya@example.com,2023-11-26,+1-515-386-5780x9134,2025-07-02 15:44:55,True
46,Kathleen,Padilla,wallaceheather@example.org,2020-11-29,304-855-6238x69222,2025-06-23 06:43:20,False
47,Roberta,Thomas,dlittle@example.com,2020-08-08,648.521.7594x647,2025-06-30 06:20:07,False
48,Daniel,James,bailey40@example.net,2023-11-21,609-409-7439x533,2025-06-16 07:20:22,False
49,Debbie,Parker,xjohnson@example.net,2021-08-22,645-462-3285,2025-06-24 01:31:37,False
50,Tammy,Phillips,linda71@example.org,2022-06-10,+1-868-751-6048x17549,2025-06-16 20:22:03,False
51,Jesus,Johnson,rose31@example.net,2024-06-21,001-446-812-0047x113,2025-07-03 14:40:06,True
52,Ellen,Paul,umatthews@example.org,2024-01-20,+1-317-796-4053x7735,2025-07-08 00:29:02,False
53,Michael,Sanders,tammyrush@example.com,2021-04-20,+1-539-500-5329x31839,2025-06-27 12:56:05,False
54,Dylan,Lester,ramireztracey@example.org,2025-02-12,621-202-0539x502,2025-06-17 17:49:10,False
55,Robert,Wilson,alvarezkimberly@example.net,2021-06-13,883.390.8470x076,2025-07-05 09:20:23,False
56,Renee,Jones,morriseddie@example.org,2022-11-11,+1-398-356-9847x896,2025-07-08 08:29:14,False
57,Michelle,Jordan,robertwilcox@example.com,2024-01-23,001-815-365-4527x1111,2025-06-29 16:18:01,True
58,Angela,Willis,elizabeth65@example.net,2024-02-14,001-304-794-5198x3273,2025-07-08 14:13:53,True
59,Danny,Ramirez,lindsaybruce@example.net,2025-04-04,2944024455,2025-06-18 13:02:07,False
60,Diane,Jones,davisalyssa@example.com,2024-02-04,252.354.5991x022,2025-06-24 19:09:29,False
61,Ebony,Tucker,nperry@example.net,2021-06-28,(261)249-7840x369,2025-06-21 12:18:19,True
62,Sierra,Saunders,keith10@example.com,2024-03-08,(826)283-8851,2025-07-02 18:22:04,True
63,Steve,Miller,barbara96@example.net,2024-01-28,816-805-2975x1613,2025-07-07 00:35:45,True
64,Randy,Collins,jeffrey21@example.net,2021-06-29,383.455.2312x43292,2025-07-05 13:49:24,False
65,Karen,Wolf,kmaldonado@example.net,2023-04-10,+1-352-671-7744x9058,2025-07-04 00:06:15,False
66,Benjamin,Wood,chase19@example.net,2024-11-01,(279)980-7935x9782,2025-06-16 14:43:25,True
67,Toni,Miller,benjaminzimmerman@example.com,2024-12-24,392.855.4665x90515,2025-06-25 09:11:25,True
68,Jennifer,Douglas,mathewaguilar@example.org,2023-07-01,762-291-4865x2816,2025-06-29 04:35:31,True
69,Henry,Lewis,ilee@example.org,2021-03-06,418-488-0592x9622,2025-07-02 20:03:42,True
70,Robert,Rhodes,tarabishop@example.net,2024-05-04,983.647.3597,2025-06-30 03:02:56,False
71,Allison,Burch,laurietaylor@example.com,2020-12-19,+1-475-881-8141x2478,2025-06-16 00:59:21,True
72,Lisa,Wilkerson,perryrandy@example.com,2022-07-12,(415)930-5152x2047,2025-07-03 08:47:37,False
73,Adam,Miller,jason28@example.net,2025-01-04,(214)534-1036x97117,2025-06-18 13:24:51,True
74,Ruben,Mendez,ashleylopez@example.net,2021-04-01,651.288.8880x67065,2025-06-28 22:10:47,True
75,Michael,Quinn,ingramjill@example.com,2021-08-28,3589527722,2025-06-13 09:13:28,True
76,James,Moody,stewartkyle@example.com,2025-02-21,940.834.5054x1566,2025-06-28 01:08:29,True
77,Tyler,Jimenez,laurie61@example.com,2022-01-21,+1-845-411-5447,2025-07-03 03:19:33,True
78,Sergio,Acosta,christina64@example.net,2021-01-04,265-482-0297,2025-06-14 20:28:04,True
79,Kimberly,Diaz,cherring@example.net,2021-10-29,+1-375-257-1928x56543,2025-06-20 14:53:49,False
80,April,Mcintyre,greenjorge@example.com,2022-05-07,+1-747-331-2172x715,2025-07-08 06:55:42,False
81,Kelly,Evans,jenniferho@example.net,2022-01-01,(783)913-2370x589,2025-07-08 08:51:01,True
82,Cheryl,Miller,raymond78@example.com,2024-01-03,001-412-451-7785,2025-06-17 20:28:10,False
83,Wesley,Oneill,holmeskevin@example.org,2023-04-08,001-335-484-1438x424,2025-07-10 07:38:31,False
84,Eric,Hopkins,megan90@example.org,2021-03-19,6946396907,2025-07-05 00:48:24,True
85,Linda,Cohen,shawn02@example.com,2024-01-22,373.759.2555x6258,2025-06-23 07:46:49,False
86,David,Cole,colinroberts@example.com,2024-01-30,925.995.3278,2025-06-26 13:36:39,False
87,Andrew,Landry,nlevy@example.net,2023-07-11,3048797480,2025-06-18 02:10:50,True
88,Jessica,Gallagher,brandon09@example.net,2022-03-06,(484)316-8784x991,2025-06-30 17:03:58,True
89,Laura,Morgan,kari39@example.net,2023-12-09,700.402.5787x29825,2025-06-30 15:57:37,False
90,Jodi,Evans,william88@example.com,2025-04-23,570-255-1694x0974,2025-07-09 21:59:21,False
91,George,Fuller,rhernandez@example.org,2020-10-16,001-513-807-5626,2025-07-05 22:47:50,False
92,Cheryl,Ruiz,thorntonapril@example.net,2023-04-15,+1-578-565-2785x85497,2025-06-25 03:12:04,False
93,Kenneth,David,kellie37@example.com,2024-08-08,(284)641-9866x524,2025-06-15 10:12:40,True
94,Sandra,Douglas,ilewis@example.com,2025-04-21,001-242-319-9330x833,2025-07-01 15:39:58,True
95,Jennifer,Garcia,adampierce@example.org,2023-12-26,+1-477-834-5401x9380,2025-06-20 02:56:38,True
96,Wendy,Sanders,vlopez@example.com,2020-11-03,9494915478,2025-07-06 01:35:08,False
97,Joshua,Lamb,francisco74@example.net,2022-02-08,7543932966,2025-07-01 01:08:23,False
98,Cody,Holden,pmorris@example.org,2022-09-28,(337)945-4990x4530,2025-06-26 11:35:26,True
99,Richard,Shaw,hannah45@example.net,2022-05-27,927.527.9568,2025-06-23 14:27:12,False
100,Karen,Marks,foxallison@example.com,2021-03-09,001-410-788-3982,2025-07-06 20:22:37,False
101,Darren,Harris,gdavis@example.com,2020-12-29,628.267.9087x406,2025-06-22 04:00:31,False
102,Charles,Henderson,weaverbrian@example.org,2024-07-15,8468226567,2025-06-15 11:37:59,False
103,Tamara,Baxter,desireebailey@example.org,2025-02-03,(582)930-0478x6863,2025-06-28 09:26:26,True
104,Joshua,Pineda,johnsondonna@example.net,2020-08-27,531.219.0790,2025-07-01 02:48:30,False
105,Jimmy,Robinson,taylorvictoria@example.org,2025-06-03,499-853-4283x64408,2025-07-08 13:44:53,False
106,Brandon,Cooper,ufloyd@example.net,2024-01-24,(824)862-8733x42708,2025-07-08 15:25:17,False
107,Dennis,Sanchez,markmiller@example.com,2023-09-05,383-504-6990,2025-07-10 02:43:11,False
108,Emily,Robinson,mollycook@example.org,2022-04-29,717.639.3638,2025-06-30 01:38:18,False
109,Amanda,Howard,michael77@example.org,2024-07-07,001-853-655-6093x20489,2025-06-18 23:42:26,True
110,Mark,James,victorpena@example.net,2023-05-24,277-272-5228x728,2025-06-15 04:44:11,False
111,Brandon,Smith,meganhall@example.net,2021-10-22,9382750997,2025-06-11 21:50:21,False
112,Andrea,Smith,amanda40@example.net,2024-03-08,(611)782-3398,2025-06-24 13:35:28,False
113,Christian,Chung,scunningham@example.org,2023-01-27,+1-810-716-6687x00217,2025-07-09 01:24:21,True
114,Patricia,Ellison,jasonparrish@example.net,2024-07-26,401-848-9025x039,2025-06-15 07:46:26,True
115,Francisco,Allen,irhodes@example.com,2023-10-15,001-821-785-0163x15999,2025-06-13 00:39:06,False
116,Joshua,Riddle,jperez@example.com,2024-03-12,(696)419-4311,2025-06-30 00:52:02,False
117,Kristen,Moore,gstewart@example.org,2020-07-26,875-341-2126x7888,2025-06-12 20:43:57,True
118,Michael,Davis,michelle04@example.com,2023-10-27,001-418-339-8262x24447,2025-06-19 16:56:45,False
119,Joshua,Evans,wardsheryl@example.net,2024-09-27,+1-793-971-2406x596,2025-06-27 20:07:52,False
120,Lisa,Villarreal,kevinmorrison@example.net,2022-03-26,752.365.4793x5646,2025-07-08 23:04:07,True
121,Brittany,Gardner,bentonsteven@example.net,2022-04-22,341.967.2434x266,2025-07-10 14:46:43,False
122,Brandi,Ferguson,ystephens@example.com,2025-02-02,+1-311-235-2909x656,2025-06-16 09:01:12,True
123,Jeffrey,Burgess,seanmyers@example.net,2024-10-11,(450)771-4611,2025-06-26 17:30:49,True
124,Stanley,Clark,gbailey@example.com,2024-05-15,714-801-0512x38282,2025-07-04 00:28:02,True
125,Lauren,Soto,daniellereynolds@example.org,2022-03-15,496.760.3341x918,2025-06-27 09:56:06,True
126,Stephen,Baker,orose@example.com,2023-10-30,+1-369-415-5792x499,2025-06-26 19:01:23,True
127,John,Wilson,heather86@example.com,2021-09-11,001-966-627-8282,2025-06-18 09:35:33,True
128,Leonard,Hayes,glennstephanie@example.com,2021-09-07,968.487.6767,2025-06-15 14:27:12,False
129,Anthony,Juarez,antonio38@example.com,2021-12-14,001-979-578-8191x48580,2025-07-02 05:28:35,True
130,Jill,Valdez,kennethkidd@example.com,2022-10-04,(417)513-3959x629,2025-06-21 15:14:27,True
131,Ashley,Patel,mariopadilla@example.com,2025-05-24,581-826-0422x325,2025-07-05 08:23:45,True
132,Barbara,Adams,ebrooks@example.net,2021-04-25,(884)557-7590x1751,2025-07-02 10:42:20,True
133,Troy,Morris,matthew92@example.net,2024-08-25,600-417-0127x70632,2025-06-24 21:23:27,True
134,Diamond,Wright,elizabeth20@example.com,2023-02-14,001-936-211-0371x2938,2025-06-11 23:31:43,False
135,Matthew,Martinez,ebenson@example.org,2022-06-21,(211)415-5426x2218,2025-07-02 22:53:17,True
136,Jennifer,Fuller,samanthajensen@example.com,2022-05-15,412-519-6565,2025-06-25 00:49:33,False
137,Christopher,Tran,kimberly04@example.org,2024-12-04,+1-383-264-0376x137,2025-06-29 02:50:42,True
138,David,Valencia,rdiaz@example.org,2024-07-12,001-810-891-0430x06848,2025-07-01 02:49:20,True
139,Danielle,Medina,joshuacollins@example.net,2022-04-02,(285)569-1463,2025-06-15 18:34:49,False
140,Darren,Salazar,parkerjudith@example.net,2022-01-06,602-402-7588,2025-06-29 15:23:40,True
141,Kara,Marks,wiseanthony@example.com,2022-11-02,414.691.7785x07925,2025-06-16 14:01:41,False
142,Emily,Wilson,williamsmichelle@example.org,2020-11-29,656.322.0863x5365,2025-07-09 08:01:22,True
143,David,Nunez,whitelinda@example.org,2023-12-07,774-545-1870,2025-06-25 17:52:05,False
144,Kristen,Stevenson,stevenvargas@example.com,2022-03-09,001-883-620-6038x5050,2025-06-16 15:14:40,True
145,Alyssa,Allen,jwoodward@example.net,2022-11-26,303-486-5719,2025-06-30 17:35:16,True
146,Brittany,Brown,joelgreen@example.com,2023-11-12,001-355-474-3132x912,2025-07-03 09:55:06,False
147,Lee,Martinez,tami37@example.com,2024-06-18,711-824-9035x213,2025-07-06 12:21:32,True
148,Erica,Green,anthonysullivan@example.com,2025-04-02,001-883-717-1210x0323,2025-06-15 16:02:53,False
149,Brenda,Lowery,johnsoncaleb@example.net,2024-04-17,(815)810-7029,2025-07-05 16:09:51,True
150,Patrick,Simmons,jason24@example.com,2024-04-25,(909)299-3476,2025-06-15 20:20:17,True
151,Patrick,Barnes,crystalpham@example.org,2023-10-11,001-257-787-5985x642,2025-07-10 13:49:34,True
152,Anthony,Cochran,brian78@example.com,2025-06-28,821.733.4803,2025-06-20 00:31:28,True
153,Joel,Stewart,robin05@example.net,2025-04-26,(393)278-4270,2025-06-22 21:09:40,False
154,Jeffery,Fox,riverachristina@example.org,2023-06-03,001-725-800-2921x851,2025-07-10 00:53:39,True
155,Matthew,Morris,jessicakim@example.net,2024-08-31,+1-452-289-5392x6442,2025-07-09 09:32:10,False
156,Melissa,Townsend,whitelucas@example.net,2022-05-27,+1-991-272-5135x5215,2025-06-24 11:07:48,True
157,John,Jones,kristin00@example.com,2024-04-01,001-462-967-6586x1793,2025-06-15 04:00:46,True
158,Kenneth,Flores,jonesgeorge@example.com,2021-11-21,001-418-215-9970x6296,2025-06-16 12:06:33,True
159,Jamie,Lee,donna43@example.org,2020-12-11,(598)372-0506x1497,2025-06-12 20:07:10,True
160,George,Carter,wellsdarrell@example.com,2024-07-12,941.986.2565x2704,2025-06-24 09:01:10,True
161,Mary,Elliott,karencontreras@example.org,2023-06-13,+1-969-538-0686,2025-07-04 17:01:15,True
162,Christian,Orr,shawrachel@example.net,2021-10-11,372-823-3206,2025-06-21 09:23:17,False
163,Dylan,Larson,renee11@example.com,2025-04-03,(485)448-7099x8616,2025-07-09 02:15:54,False
164,Brandi,Hanna,buckleyanna@example.org,2022-12-15,+1-256-446-7997,2025-06-24 23:00:57,False
165,Douglas,Franklin,vwilliams@example.net,2022-07-18,9743505444,2025-06-22 15:43:29,True
166,Kevin,Manning,joseph69@example.net,2021-04-13,473.367.8508,2025-06-26 16:37:11,False
167,William,Taylor,thompsonnancy@example.org,2021-01-05,807.305.3457,2025-06-13 01:44:38,True
168,Nathan,Wheeler,susanwells@example.net,2023-07-01,(524)514-0602x933,2025-06-24 15:38:25,False
169,Robert,Smith,wellsdavid@example.org,2020-08-05,649.544.6657,2025-07-04 05:52:40,True
170,Erica,Holloway,asilva@example.net,2023-09-15,+1-699-744-1715,2025-06-25 00:43:46,True
171,Diana,Farley,jacob83@example.org,2023-12-17,+1-752-507-4466x60993,2025-07-07 13:01:49,False
172,Kristen,Knox,william28@example.org,2023-01-08,772-548-2513,2025-06-26 11:54:55,False
173,Kristin,Rivera,brenda71@example.com,2020-12-23,+1-299-491-7381x6846,2025-06-18 06:10:38,True
174,Matthew,Benitez,tthomas@example.org,2021-03-18,352.450.0743x2927,2025-07-11 10:03:21,False
175,Cynthia,Powell,creyes@example.net,2022-03-21,001-350-858-3003x3542,2025-07-06 00:33:53,False
176,Kevin,Brown,evanskelly@example.net,2024-12-12,+1-585-562-5753x260,2025-06-17 23:00:03,True
177,Jessica,Lawrence,daviddawson@example.org,2023-09-18,+1-848-390-9010x0167,2025-07-08 03:45:55,True
178,Thomas,Hernandez,turnerdorothy@example.net,2024-12-12,999-526-1891x411,2025-07-11 03:40:25,True
179,Kimberly,Decker,michaelortiz@example.org,2020-11-09,+1-373-975-3001,2025-06-18 19:54:04,True
180,Kimberly,Jones,conwaydawn@example.com,2023-01-15,270-212-0455x611,2025-06-18 07:22:35,False
181,Deborah,Murphy,rfriedman@example.net,2021-04-24,(352)416-6746x762,2025-06-14 10:27:47,True
182,Dale,Pruitt,rpham@example.com,2022-01-24,+1-365-690-2771x670,2025-06-26 20:14:56,True
183,Janet,Gregory,tiffanysantiago@example.com,2024-12-08,991.963.7562x89002,2025-06-19 14:50:41,True
184,Karen,Flores,tara08@example.org,2025-03-16,+1-366-931-7797x1775,2025-06-12 10:50:16,True
185,Richard,Johnson,petersenlatoya@example.net,2023-02-11,783.975.5037x58997,2025-06-17 02:58:55,True
186,Katherine,Walker,michael48@example.net,2023-09-14,001-310-827-2614x933,2025-06-22 01:18:54,False
187,Makayla,Lee,daniel60@example.net,2021-07-27,001-477-498-2708x08697,2025-06-17 19:42:39,True
188,Paul,Burke,william66@example.net,2022-08-20,765-547-2269x848,2025-06-21 08:11:16,True
189,Claudia,Roberts,samantha22@example.net,2025-02-19,001-251-358-7996x846,2025-06-12 19:34:46,True
190,Dustin,Santiago,josephfloyd@example.com,2022-08-27,(504)838-0571,2025-06-23 02:57:14,False
191,Kristen,Lindsey,heather06@example.com,2024-01-25,+1-558-500-4397x35989,2025-06-25 20:52:37,False
192,Gregory,Fleming,sydneymoss@example.org,2023-09-24,2647842294,2025-07-04 05:27:02,False
193,Sharon,Williams,candice94@example.com,2025-05-24,+1-451-858-3281,2025-07-07 22:52:10,False
194,Richard,Bailey,elizabethrivera@example.com,2022-05-19,001-798-878-0157x39930,2025-06-17 02:13:32,True
195,Jonathan,Ramsey,pruittlynn@example.com,2024-11-23,377.504.3581x12880,2025-06-21 22:30:08,False
196,Roger,Garcia,elucas@example.net,2021-10-30,3755011024,2025-06-24 03:28:55,False
197,Paul,Mccoy,ystewart@example.net,2021-07-12,+1-309-619-0158,2025-06-26 05:14:03,False
198,Christopher,Hubbard,qjames@example.org,2024-07-21,(783)226-8424,2025-07-08 11:02:15,False
199,Donald,Williams,fmedina@example.com,2022-04-23,001-453-268-2223x9431,2025-07-08 05:35:35,False
200,Deanna,Jones,kingjames@example.net,2024-08-31,652-431-4913x57759,2025-07-09 01:03:04,False
201,Michael,Stewart,ujackson@example.org,2022-05-29,001-364-452-5777x547,2025-07-11 00:54:27,True
202,Meagan,Trevino,patriciagonzalez@example.net,2021-03-04,001-910-480-9969x3084,2025-06-29 08:20:41,False
203,Jeffrey,Barton,dennis88@example.org,2023-11-24,(480)939-2827x229,2025-06-29 00:09:44,True
204,Jeffery,Freeman,bakerjim@example.net,2022-04-13,456.877.0051x84498,2025-06-29 23:08:28,True
205,Briana,Villanueva,blacknicholas@example.org,2024-11-30,(655)577-9082x7231,2025-06-18 21:10:40,True
206,Eric,Guzman,guerrerorobert@example.com,2021-06-27,477.439.2603x0299,2025-07-06 11:24:26,True
207,Patricia,Thomas,jonathanwhite@example.com,2025-04-26,+1-404-413-7977x2369,2025-07-06 09:15:58,True
208,Gary,Jennings,ecarlson@example.org,2023-09-28,(221)303-8862x9127,2025-06-16 02:42:34,False
209,Donna,Winters,princekimberly@example.net,2024-03-11,465.608.6376x59916,2025-07-04 18:02:42,False
210,Jesse,Trevino,carmen86@example.com,2022-02-17,7098818063,2025-06-29 04:12:36,True
211,Eric,Pearson,jose86@example.net,2023-08-20,+1-946-636-8872x588,2025-06-26 11:24:43,False
212,Maxwell,Thornton,melissahopkins@example.net,2022-06-23,221.338.6589x026,2025-06-18 15:27:18,False
213,Sara,Graham,bakernathan@example.net,2020-11-04,001-666-598-4902x7703,2025-06-13 05:17:34,False
214,William,Hale,emilyward@example.net,2020-07-10,(214)365-6693,2025-06-15 23:11:10,False
215,Justin,Gallegos,michael43@example.net,2022-03-06,669.704.2681x818,2025-06-17 06:27:38,False
216,Sue,Walter,heather69@example.com,2022-08-04,001-857-779-0714x16335,2025-07-06 15:54:22,False
217,Alec,Collier,justinross@example.net,2023-06-07,482-575-5394,2025-07-05 19:30:41,False
218,James,Moss,jamie33@example.net,2023-07-21,(911)717-9080,2025-06-26 21:37:21,False
219,Rachael,Ibarra,travis84@example.com,2022-05-31,001-392-908-6780x85627,2025-06-26 21:53:44,False
220,Alan,Craig,ucarpenter@example.com,2022-09-24,(484)934-7955,2025-07-02 04:03:52,True
221,Robert,Goodwin,melissa47@example.org,2025-05-20,(593)414-3866,2025-06-18 20:22:17,False
222,Linda,Thompson,otaylor@example.net,2025-01-24,001-657-944-8906x1203,2025-06-16 06:20:06,False
223,Julie,Green,ann45@example.org,2024-01-10,759-739-9824,2025-07-06 08:50:46,False
224,Kim,Griffin,jamesjustin@example.net,2021-10-03,(756)599-6112,2025-06-26 19:22:06,True
225,Denise,Page,cnelson@example.com,2025-07-07,376.322.0234x13261,2025-07-04 13:26:12,False
226,Brian,Wise,garciachristine@example.org,2023-11-03,933-947-2282x0055,2025-07-07 19:57:41,True
227,Amy,Taylor,brittanybryant@example.net,2025-04-27,(488)645-7831x74564,2025-06-12 02:26:01,True
228,Alexandra,Chang,mauriceharrison@example.org,2024-09-15,001-874-806-4930x85368,2025-06-23 17:17:07,True
229,Jennifer,Brewer,fwalker@example.com,2022-07-24,994.648.4631x22417,2025-07-05 11:21:07,True
230,Malik,Hernandez,lopezcurtis@example.com,2021-08-02,001-970-731-2073x564,2025-07-04 02:22:00,False
231,Lacey,Rivera,brianrowe@example.org,2025-02-21,923.346.0136x7303,2025-07-06 21:18:22,False
232,Tina,Kennedy,sharon20@example.net,2025-03-13,414.674.3503x13650,2025-07-09 23:21:23,True
233,Randy,Sanchez,perkinshannah@example.net,2021-11-03,(313)427-1950x052,2025-07-05 06:30:48,True
234,Levi,Grant,linda73@example.org,2023-09-26,(424)707-7848x739,2025-06-27 07:15:02,False
235,Taylor,Dillon,caseymoore@example.com,2022-10-06,+1-757-508-6209,2025-06-27 03:46:15,False
236,Bryan,Coffey,rlee@example.com,2025-03-19,(394)256-5118,2025-06-17 21:19:59,True
237,Morgan,Harris,clee@example.net,2023-10-30,+1-378-999-4053x91037,2025-06-14 12:51:22,True
238,Angela,Hurley,yshort@example.net,2021-01-07,+1-848-501-4138x113,2025-06-20 23:08:08,False
239,Diane,Hudson,angelagrant@example.net,2021-06-02,001-995-776-1228x68528,2025-06-26 21:19:02,False
240,Victoria,Nguyen,robert65@example.net,2022-07-27,001-883-268-4577,2025-06-13 06:31:13,True
241,Caitlin,Holmes,adam33@example.com,2020-09-15,001-648-788-9921x07522,2025-07-09 20:23:45,True
242,Jesse,Shepherd,duncanashley@example.org,2021-03-06,001-257-727-9194x0961,2025-06-28 11:30:12,False
243,Robert,Parrish,julieatkinson@example.org,2023-10-11,5484058925,2025-06-14 00:59:42,False
244,Jessica,Long,kmullins@example.net,2021-04-15,264.862.2517,2025-06-24 08:02:14,True
245,Raymond,Hamilton,kathleencastillo@example.org,2024-09-02,(393)389-8331x4659,2025-07-01 15:59:35,False
246,Michael,Lee,brittney04@example.org,2023-07-01,+1-279-527-0335x211,2025-06-18 18:11:29,True
247,Alexander,Benson,torresthomas@example.com,2022-04-20,001-283-638-8487x9206,2025-06-19 20:34:19,True
248,Justin,Mccormick,brian01@example.com,2022-10-30,+1-351-404-6368x15798,2025-06-21 05:50:30,False
249,Tammy,Castro,williamssandra@example.com,2023-05-12,862.205.5543x8404,2025-07-08 12:41:11,True
250,Jeremiah,Peterson,fsandoval@example.net,2023-10-10,593.463.9264x95782,2025-07-09 19:05:06,False
251,Gabriella,Harris,kylethornton@example.net,2021-09-03,(829)825-1881x25205,2025-06-26 07:33:41,False
252,Julie,Underwood,edwin31@example.org,2022-02-03,5995499939,2025-06-12 20:31:33,True
253,Christopher,Chan,waynejacobs@example.net,2023-09-14,(867)272-2330,2025-06-24 16:32:36,False
254,Jeffrey,Powers,katherinejones@example.com,2024-09-09,001-257-336-6096x569,2025-07-03 12:17:54,False
255,Margaret,Williams,aprilfoster@example.net,2020-11-08,+1-668-903-4764,2025-06-19 16:06:22,False
256,Kelly,Ellison,stevenlucas@example.org,2024-10-12,229-482-6657,2025-07-03 14:42:41,False
257,Peggy,Huang,udavis@example.net,2021-12-01,001-811-817-5186x892,2025-06-13 17:17:22,False
258,George,Rogers,fernandothomas@example.net,2020-12-16,(944)974-2123x09407,2025-07-07 23:21:36,True
259,Cathy,Snyder,briannaalvarez@example.com,2024-04-12,599-203-8498,2025-06-20 13:29:22,True
260,Brian,Bailey,melissaestrada@example.net,2023-01-23,710-216-2249x99827,2025-06-16 02:38:06,False
261,Kevin,Richardson,wwilkins@example.com,2025-03-16,547-521-4586,2025-07-11 07:13:46,True
262,Daniel,Blair,webbhaley@example.net,2022-12-19,(995)448-9952x99787,2025-07-11 04:08:40,True
263,Jeanette,Krause,wilsonsteven@example.org,2022-04-15,+1-366-605-5830x344,2025-06-26 03:59:29,False
264,Andrea,Wang,jenningsmatthew@example.net,2025-05-12,+1-902-735-5770x272,2025-07-04 00:57:07,False
265,Sarah,Brown,annette58@example.net,2020-09-06,895.451.2405,2025-07-09 07:22:37,False
266,Perry,Larson,janet50@example.com,2024-01-16,473-357-4384,2025-06-29 18:07:41,True
267,Kimberly,Gentry,zhunter@example.com,2024-10-10,(435)578-4521,2025-06-13 08:43:19,False
268,Paul,Hancock,smithsarah@example.net,2021-04-06,670-718-4094x35334,2025-07-03 00:04:20,False
269,David,Hernandez,danny98@example.net,2021-05-24,585.485.4249,2025-06-15 01:08:21,True
270,Christina,Morgan,bwilliams@example.com,2020-12-13,960-716-6299,2025-06-26 18:09:18,True
271,Lisa,Marquez,beltrankatelyn@example.com,2025-05-09,(517)417-4773,2025-07-11 12:55:29,True
272,Roberta,Myers,kristina57@example.com,2020-10-12,471-357-7245,2025-07-01 06:47:37,False
273,Laura,Nguyen,sparksamanda@example.com,2024-01-15,593.882.7615,2025-07-02 17:21:32,False
274,Kristin,Stephens,gilbertcaldwell@example.net,2025-05-28,319.897.5817x2461,2025-06-27 11:35:36,False
275,Deanna,Brown,lisaclay@example.net,2020-07-10,001-622-878-4699x73354,2025-06-28 07:13:57,True
276,Brandi,Carr,sabbott@example.org,2023-08-31,+1-800-885-1403,2025-06-27 00:46:49,False
277,Patrick,James,elainewells@example.org,2025-03-31,(456)324-2201x0276,2025-06-18 06:00:30,False
278,Linda,Dalton,dhanson@example.net,2024-02-17,+1-976-553-2690,2025-07-05 22:41:30,True
279,Robert,Payne,arthur09@example.com,2023-08-29,397-312-8478,2025-06-23 11:51:01,False
280,Crystal,Alvarado,suttonamber@example.net,2023-03-07,+1-705-680-7787x956,2025-06-25 15:05:15,True
281,Austin,Livingston,jessica94@example.org,2024-07-19,001-329-404-9047,2025-07-06 03:11:50,True
282,Melissa,Ramirez,christinahill@example.com,2020-08-23,001-219-729-2752x4372,2025-06-15 16:28:12,True
283,Caitlin,Underwood,amullins@example.com,2022-07-19,+1-672-939-5041x02767,2025-07-07 10:34:01,True
284,Noah,Thornton,hbaker@example.com,2020-08-15,676-658-0185x6945,2025-06-16 08:38:09,True
285,Destiny,Myers,jessicachapman@example.org,2024-12-11,525-680-0106x18175,2025-06-23 19:36:55,True
286,Austin,Harvey,maysdiane@example.org,2021-07-23,001-911-392-6921x244,2025-07-03 14:26:07,True
287,Kayla,Schwartz,jonathan14@example.org,2023-10-12,(950)344-2717x3962,2025-06-18 13:45:32,False
288,Kayla,Robinson,gainesjennifer@example.org,2020-10-26,219-847-0720,2025-06-24 12:33:22,True
289,Isabel,Conway,robertsonshelby@example.com,2024-08-03,(861)283-0671x98554,2025-06-15 23:46:11,True
290,Amanda,Woodward,randallkathleen@example.com,2022-04-02,(980)363-4615,2025-07-02 20:25:23,False
291,Jake,Johnson,cortezbrittany@example.com,2023-10-30,284-778-7005,2025-06-13 16:01:04,False
292,David,Roman,ibentley@example.org,2025-06-13,510.427.0790,2025-06-12 06:52:19,True
293,Cynthia,Conway,bryantgeorge@example.net,2021-01-24,717-899-3136,2025-06-27 07:53:46,True
294,Theresa,Johnston,marcoconnell@example.org,2020-11-28,001-725-411-4262,2025-07-02 21:12:45,True
295,Sara,Williams,moodycrystal@example.com,2021-11-12,8719002194,2025-06-17 17:58:32,True
296,Douglas,Nelson,ljenkins@example.net,2020-11-03,+1-327-391-4560x833,2025-06-29 03:46:51,False
297,Valerie,Romero,qtownsend@example.org,2022-11-15,2317277220,2025-06-25 10:15:34,True
298,Ryan,Cook,vwilliams@example.org,2025-02-03,(720)878-1137,2025-06-21 05:41:50,False
299,Erica,Nguyen,nguyencorey@example.net,2024-01-12,463.517.9706,2025-07-11 04:10:36,False
300,Gregory,Brooks,ocortez@example.com,2022-10-25,952.909.0421,2025-07-01 21:24:04,True
301,Kathleen,Robinson,cassandra92@example.net,2025-03-23,616.287.3977,2025-07-02 08:55:12,False
302,Monique,Wright,lriley@example.org,2025-05-27,8609078068,2025-06-16 08:18:45,False
303,Tyler,Miller,steelerichard@example.org,2021-08-26,(943)910-7427x990,2025-06-18 07:38:37,False
304,Richard,Clarke,courtney01@example.com,2023-05-10,704.264.9893x19508,2025-06-16 23:25:14,True
305,Michael,Harvey,michael81@example.net,2022-04-07,(753)781-7933,2025-06-24 13:37:47,False
306,Erin,Ramirez,watsonshaun@example.net,2025-01-01,578-984-7951,2025-06-15 19:51:26,True
307,Peter,White,rodriguezjoshua@example.net,2021-10-12,223.680.4682x7567,2025-06-20 18:24:24,True
308,Andrew,Pham,robert55@example.com,2025-01-12,+1-577-949-2424,2025-06-29 15:25:58,True
309,Kayla,Williams,justin29@example.org,2025-01-28,722-422-3105x9274,2025-06-21 13:09:30,False
310,Jasmine,Wade,earl78@example.org,2025-01-22,610-967-2752x0885,2025-06-25 15:48:30,False
311,Tina,Berry,laurenchandler@example.com,2023-05-28,001-917-702-8140x693,2025-06-16 01:53:00,True
312,Brian,Davidson,kimberlywang@example.org,2020-09-18,287-718-6375,2025-06-30 21:19:26,True
313,Jennifer,Patterson,swatson@example.com,2023-07-06,378-413-7674x2662,2025-06-21 16:13:15,True
314,Thomas,Dillon,carl96@example.org,2020-07-30,(246)628-7923x26487,2025-07-09 23:57:08,True
315,Troy,Singh,anthonysmith@example.com,2023-01-28,+1-771-946-2730x1471,2025-07-09 01:04:38,False
316,Miranda,Burton,hmccann@example.com,2024-11-18,001-290-642-9025x7252,2025-06-29 02:55:16,False
317,Daisy,Friedman,robertsalyssa@example.org,2024-11-22,621.792.8554,2025-06-16 05:47:21,False
318,Betty,Morrow,taylorjuan@example.com,2024-01-11,821-932-8338x98881,2025-06-15 07:08:53,True
319,Lori,Mclean,sbailey@example.com,2021-09-14,698.452.4013x223,2025-06-21 18:37:03,True
320,Tina,Coleman,joneskim@example.com,2020-11-19,210.389.0714,2025-06-26 05:34:41,False
321,Alex,Davis,morajamie@example.org,2022-02-04,+1-350-312-4955x28938,2025-07-09 15:42:35,False
322,Alexis,Robinson,tamarajackson@example.net,2020-07-23,001-813-587-5927x1256,2025-07-06 13:16:52,True
323,Rick,Juarez,david18@example.org,2024-09-27,001-954-580-1571x64794,2025-07-08 11:29:38,False
324,Kelly,Wyatt,melissajacobson@example.com,2023-08-25,(407)816-7811,2025-07-01 00:53:47,False
325,Brittany,Garcia,calvinhester@example.com,2022-03-24,+1-961-836-7499x465,2025-07-05 02:39:25,False
326,Joshua,Tate,martineztracy@example.org,2021-09-01,7104170269,2025-06-26 06:52:03,False
327,Cindy,Wolf,msparks@example.com,2024-10-03,784.885.8800x6167,2025-07-03 01:45:02,False
328,Barry,Thompson,nicole27@example.com,2021-08-31,267-819-7889x7782,2025-06-24 09:00:28,False
329,Brittany,Gray,katie45@example.org,2020-10-05,001-302-855-9056,2025-06-28 08:15:21,True
330,Robert,Brown,johnwong@example.net,2021-03-30,001-814-615-2085x076,2025-06-12 13:54:20,False
331,Terry,Johnson,nicholas65@example.net,2021-05-09,913.357.8529x4563,2025-07-07 14:25:37,True
332,Karl,Williams,nballard@example.net,2021-04-21,001-791-395-4198x763,2025-06-26 05:48:45,False
333,Linda,Reynolds,james64@example.net,2024-11-27,882.208.2973x748,2025-07-06 22:37:24,True
334,Michael,Hernandez,juliecannon@example.com,2024-01-05,513-264-4249x36312,2025-06-23 12:15:51,True
335,Steven,Castro,chenderson@example.org,2021-11-17,720-644-8207x001,2025-06-14 16:12:47,False
336,Penny,Powers,sandersmary@example.org,2022-07-13,398-518-9847,2025-07-10 16:58:39,True
337,Kerri,Edwards,vshaffer@example.org,2024-02-13,221.923.4764,2025-07-07 11:40:22,True
338,Holly,Rodriguez,pwells@example.com,2021-10-03,(675)740-9003x486,2025-06-17 12:20:17,False
339,Michelle,Mathews,zsmith@example.com,2023-01-30,634-332-7560,2025-07-05 10:59:52,False
340,Jillian,House,jennifer12@example.net,2022-09-28,815.569.8570x02720,2025-06-26 10:07:26,True
341,Barbara,Rodriguez,zacharybooker@example.net,2021-08-18,+1-365-877-2429x543,2025-06-29 10:25:11,True
342,Phillip,Bennett,andrewjohnson@example.net,2022-06-20,673-442-0696,2025-06-15 21:53:57,True
343,George,Bradley,higginsryan@example.com,2024-09-22,833-534-4762,2025-07-10 17:16:56,True
344,Wanda,Campbell,robertortiz@example.org,2020-10-07,743-897-3597x1072,2025-06-21 21:23:12,False
345,Patrick,Henderson,charles80@example.org,2023-05-10,875.699.0048,2025-06-30 17:59:25,False
346,Nathan,Donaldson,carpenterjorge@example.net,2024-09-18,672-715-8624x15027,2025-07-02 11:13:18,True
347,Raven,Baker,zachary62@example.com,2024-09-13,001-928-870-3203x20742,2025-06-17 05:18:47,False
348,Billy,Kelly,hellis@example.net,2021-10-12,551-234-2284,2025-07-07 02:59:15,False
349,Ashley,Butler,sancheztyler@example.org,2023-04-27,2413659152,2025-07-03 22:20:44,False
350,Donna,Gibson,brooke05@example.org,2024-05-17,692-430-4501x89616,2025-06-23 05:50:56,False
351,Michelle,Davis,frankchan@example.com,2021-10-31,747-564-9251,2025-07-05 08:35:14,False
352,Nicole,Alvarez,bdavis@example.com,2022-02-08,(961)808-5732x78814,2025-06-15 10:23:25,False
353,Kevin,Joyce,mckenzie86@example.com,2025-05-11,3819081866,2025-07-09 04:27:37,True
354,Michael,Richards,wilsondorothy@example.org,2022-01-27,(501)464-5977x9452,2025-06-15 09:16:07,False
355,Tina,Green,hamiltonandrew@example.com,2021-07-07,7278769749,2025-06-26 06:45:21,True
356,David,Smith,cabreraheather@example.org,2020-10-01,972.436.8314,2025-07-04 14:22:21,False
357,Andrew,Martin,joannewallace@example.com,2024-07-13,7792334960,2025-06-16 13:44:49,False
358,Melanie,Reynolds,vallison@example.net,2025-03-28,807-767-8997x3080,2025-07-08 10:43:29,True
359,Joseph,Wong,nwilson@example.net,2023-06-22,760.924.3757x383,2025-06-17 22:56:45,True
360,Jennifer,Myers,rwhitaker@example.net,2023-08-03,329.834.1722x3297,2025-07-05 13:22:00,True
361,Jimmy,Hawkins,howardjose@example.net,2021-11-14,(380)515-6193,2025-07-05 04:47:30,True
362,Victoria,Glover,carrilloangela@example.org,2024-11-27,+1-310-477-1199x180,2025-06-17 07:41:03,True
363,Rhonda,Moore,jean87@example.net,2021-05-14,(555)921-3760,2025-06-28 03:48:07,True
364,William,Miller,jennifer65@example.net,2022-08-11,(786)232-6667,2025-07-03 01:46:36,True
365,Kayla,Robbins,millerleroy@example.org,2024-03-19,8606290846,2025-06-26 19:37:00,True
366,Alan,Ramirez,isabellagriffin@example.org,2025-02-25,+1-497-656-3410x856,2025-06-21 23:09:14,True
367,William,Collins,katherine20@example.org,2025-02-11,001-643-746-8105,2025-06-17 14:23:16,True
368,Katherine,Pugh,vevans@example.org,2024-05-17,539-398-9354x49268,2025-06-27 12:06:16,False
369,Brandi,Carson,shawn26@example.com,2021-03-21,806-827-3715,2025-06-24 09:21:38,False
370,Victor,Henderson,fbarker@example.net,2024-01-26,(328)527-7288,2025-07-03 16:45:08,False
371,Antonio,Moore,sandra19@example.com,2021-06-17,659-740-8215,2025-06-26 07:27:31,True
372,Todd,Moody,kristenfisher@example.com,2022-12-07,827.901.8510,2025-07-09 09:47:51,True
373,Ariel,Mccullough,ualvarez@example.net,2021-08-26,001-828-777-7251x99663,2025-07-07 20:26:22,True
374,Susan,Wu,debbie20@example.net,2023-02-24,+1-518-913-9890,2025-07-05 23:45:06,True
375,David,Mayer,suzannehill@example.org,2022-08-11,001-797-818-9569x070,2025-06-20 08:26:32,False
376,Andrew,Rice,hscott@example.org,2025-02-17,(442)224-1246,2025-07-11 10:03:03,True
377,Howard,Reeves,peter52@example.com,2023-04-13,861-303-3993x788,2025-06-24 15:52:40,True
378,Lucas,Tran,washingtonrick@example.org,2020-09-05,589-413-8249x671,2025-06-29 17:04:02,False
379,Tricia,Casey,jali@example.com,2020-11-16,6798420074,2025-06-28 15:34:00,False
380,Jason,Pittman,brandon89@example.org,2023-01-30,761-728-4639,2025-06-24 06:38:32,False
381,Jasmine,Nelson,matthew79@example.com,2020-08-28,001-320-397-0026x876,2025-07-07 17:42:26,True
382,Patricia,Cabrera,wchambers@example.com,2023-07-27,(520)317-5370x3045,2025-07-11 08:50:52,False
383,Kevin,Robbins,tinacoffey@example.org,2022-11-29,593.403.6149x8728,2025-06-14 18:17:09,False
384,David,Brown,sarah38@example.net,2022-11-09,208.794.8706,2025-07-02 14:05:25,False
385,Joshua,Frazier,hsimpson@example.org,2022-06-07,7463875063,2025-07-09 08:21:12,True
386,Veronica,Perez,prosario@example.org,2021-12-03,541-710-7609x54317,2025-06-14 05:33:14,True
387,April,Young,parsonschristine@example.org,2024-04-27,001-211-900-6512,2025-06-14 05:58:08,True
388,Cheryl,Reynolds,byrdanita@example.com,2023-10-08,(319)763-9907x6769,2025-06-12 20:23:41,False
389,Zachary,Matthews,garciabrooke@example.org,2022-03-03,001-428-545-6797,2025-06-18 06:32:08,True
390,Bruce,Collins,ppalmer@example.com,2023-03-03,001-782-227-4954,2025-07-06 17:16:36,False
391,Diane,Thomas,williamconley@example.org,2024-02-11,(733)631-5377x959,2025-07-01 21:57:02,True
392,Francis,Gibson,crawfordsamantha@example.net,2022-06-02,001-237-793-3756x362,2025-06-12 01:39:37,True
393,Michael,Spencer,kellylee@example.net,2023-08-02,7035342342,2025-06-20 06:09:04,True
394,Andrew,Cameron,smitherica@example.com,2021-06-19,434-573-5528x96112,2025-06-20 21:27:36,False
395,Nicholas,Brooks,prowland@example.org,2025-07-08,984.525.3042,2025-06-15 12:58:55,False
396,Krystal,Mendez,williampotter@example.net,2024-11-07,(878)272-5587x774,2025-06-21 15:32:25,True
397,Patricia,Hayes,randytorres@example.com,2025-05-20,(754)581-2147,2025-07-09 22:30:02,True
398,Steven,Oliver,bhayes@example.com,2023-08-25,354.660.2734x1514,2025-06-22 15:28:24,True
399,David,Ward,matthewleonard@example.com,2023-02-05,001-243-992-8404x4566,2025-07-06 11:24:44,False
400,Stephanie,Grimes,jeremycurry@example.com,2022-07-06,298.777.5153x66377,2025-06-18 08:01:26,False
401,Morgan,Torres,porterdonna@example.com,2023-05-31,266.468.4590,2025-06-19 01:11:54,True
402,Ashley,Lloyd,nbaird@example.com,2021-01-23,+1-363-471-5974,2025-06-16 15:40:08,False
403,Angela,Johnson,mjohnson@example.org,2023-10-21,833-848-1705x8025,2025-06-19 05:05:41,True
404,David,Barnes,pricerebecca@example.org,2021-08-17,546.972.9949,2025-06-24 23:02:50,True
405,Adrian,Thomas,summerscassidy@example.org,2024-12-29,497-877-9014x75469,2025-06-23 16:23:54,True
406,Rachel,Quinn,qcruz@example.org,2025-05-11,560-932-4841,2025-07-01 13:18:32,False
407,Angela,Carney,camposwilliam@example.com,2024-01-05,824.538.0701x765,2025-06-30 20:17:39,True
408,Alex,Wilson,markgoodman@example.com,2024-06-12,418-237-2742,2025-07-11 01:19:41,True
409,Gregory,Martinez,qjackson@example.org,2022-11-05,(275)323-0837,2025-06-30 13:14:19,False
410,Kyle,Williams,williamsnicholas@example.org,2022-08-24,(333)410-6005x313,2025-06-19 16:45:33,True
411,Robert,Rodriguez,marcus39@example.org,2025-02-17,(861)533-1552x0650,2025-07-03 20:38:52,True
412,Cameron,Briggs,bradley36@example.com,2024-10-09,489-724-1956,2025-06-20 02:24:38,False
413,Kathleen,Watts,bjones@example.net,2025-07-01,568.838.9030x914,2025-06-23 09:53:11,False
414,Christopher,Taylor,jphillips@example.com,2022-04-06,+1-203-597-5245x0864,2025-06-27 16:05:35,True
415,John,Ryan,lauriehorton@example.org,2023-10-08,452.570.1713x02321,2025-06-23 01:27:23,False
416,Christian,Hardy,frank33@example.com,2022-01-09,+1-834-449-7347x156,2025-07-04 10:33:22,False
417,Roberto,Lynch,ywolf@example.com,2020-09-09,001-966-614-9828x24674,2025-06-29 19:12:47,False
418,Catherine,Jones,jennifergonzalez@example.org,2020-07-22,9856766656,2025-07-10 03:33:53,True
419,Riley,Williams,cruzariel@example.org,2024-03-26,758-275-0663x370,2025-06-18 18:25:58,True
420,Catherine,Blackburn,jonathanguzman@example.net,2021-11-23,8114669183,2025-07-02 07:28:35,True
421,Heather,Mason,uwillis@example.com,2021-04-12,495-924-3640,2025-06-11 15:58:28,True
422,Chad,Horton,upena@example.com,2021-12-22,(952)523-7281,2025-06-20 14:25:09,True
423,Brian,White,jordanbarrera@example.com,2024-04-09,+1-591-921-4161x4150,2025-07-05 03:25:39,False
424,Kathleen,Smith,karen09@example.org,2021-05-06,780.869.8477,2025-06-27 22:14:40,True
425,Evelyn,Cooper,lisa56@example.com,2021-01-03,(551)707-6209x184,2025-07-03 12:39:28,False
426,Gina,Kane,akeller@example.net,2023-04-06,3507573976,2025-07-02 08:41:37,False
427,Valerie,Vincent,navarrokelly@example.org,2021-09-27,598.502.7148x72717,2025-06-21 20:42:52,True
428,Karen,Keller,garciavictoria@example.org,2021-11-19,364-734-7128x71539,2025-06-29 21:23:02,False
429,Julia,Hardy,ostokes@example.com,2021-07-04,211-615-9319x5256,2025-06-14 14:14:11,False
430,Amanda,Boone,xflores@example.net,2021-08-06,999.431.6087x52437,2025-07-10 18:53:35,True
431,Dustin,Ortega,georgekyle@example.net,2021-07-28,297-437-4605x233,2025-07-05 06:07:09,False
432,Philip,Joyce,vickiekelley@example.com,2024-02-12,+1-775-266-1844x38612,2025-06-26 08:24:25,False
433,Diamond,Ray,sdominguez@example.org,2022-04-22,430.259.1266,2025-06-16 06:02:20,True
434,Terri,White,wilsonzachary@example.com,2024-03-18,(463)801-3674,2025-06-15 22:32:23,False
435,Steven,Meyers,phill@example.com,2023-08-25,9116117830,2025-06-16 04:17:52,False
436,Herbert,Washington,ievans@example.org,2023-04-16,982-360-6888,2025-07-06 18:41:56,False
437,Amber,Fuentes,molinajared@example.net,2021-07-09,(492)508-7510,2025-06-19 09:57:31,True
438,Anna,York,millerdavid@example.com,2023-08-13,+1-926-403-4084,2025-07-09 14:28:20,False
439,Heather,Mills,catherine83@example.net,2021-05-13,+1-603-403-2432x98395,2025-07-02 01:49:06,True
440,Andrea,Green,ricardomiller@example.com,2024-02-21,001-828-431-4359x892,2025-06-26 22:43:18,False
441,Nicholas,Maynard,chrismartinez@example.org,2025-03-09,(815)315-5423x40163,2025-06-17 14:01:39,True
442,Alisha,Hutchinson,wdavis@example.net,2025-05-22,884-991-0256x2588,2025-07-10 08:13:36,True
443,Jonathon,Parks,dianethomas@example.net,2022-10-18,9536967275,2025-06-24 23:29:33,False
444,Abigail,Higgins,kevinhodge@example.com,2023-12-24,001-251-811-3129x01487,2025-07-06 06:47:36,False
445,Derek,Jimenez,sullivanchristina@example.net,2020-08-01,001-568-453-8909x728,2025-06-15 05:39:34,True
446,Mary,Palmer,hendersonnicholas@example.com,2021-06-26,638-214-4744x30963,2025-07-04 01:38:09,False
447,Melinda,Brown,gilbertmark@example.com,2021-06-07,5523650167,2025-07-07 06:34:39,False
448,Rachel,Jenkins,xsmith@example.net,2022-08-26,676.354.5628,2025-07-02 21:06:32,False
449,Mary,Martin,julie05@example.net,2022-03-18,434-502-6650,2025-07-04 20:33:16,False
450,Tonya,Wilson,zpierce@example.net,2021-08-09,268-762-1102x25803,2025-07-02 10:43:53,False
451,Joan,Hamilton,justin16@example.org,2021-10-26,001-482-534-1436x3718,2025-07-10 06:55:44,False
452,Cynthia,Perez,richardhill@example.org,2021-10-07,(909)231-0668x43356,2025-07-06 08:10:11,False
453,Dawn,Torres,michael56@example.org,2023-03-30,6203005347,2025-07-02 12:10:45,True
454,Johnny,Henry,kevin10@example.net,2025-03-20,001-325-355-9895x34396,2025-06-17 22:09:43,False
455,Julia,Martinez,jamesgriffin@example.org,2021-02-27,+1-495-547-3820,2025-07-01 21:23:18,False
456,Jennifer,Snow,patricia71@example.com,2021-02-05,568.880.2942x4090,2025-07-05 14:52:57,False
457,Amanda,Palmer,martinkaren@example.com,2025-04-22,001-966-694-3202x93908,2025-06-26 07:38:02,True
458,Kenneth,Adams,jacksonbrandon@example.org,2023-01-02,3242240338,2025-06-28 10:57:28,False
459,Cassie,Wood,pottsnicole@example.com,2021-08-29,(394)850-0534x24089,2025-06-24 01:57:51,False
460,Cynthia,Pierce,rwalker@example.org,2025-06-21,+1-462-473-6527x1727,2025-06-20 18:10:23,False
461,Tracy,Blair,andrew22@example.com,2022-02-13,421-263-7618,2025-07-10 21:01:24,True
462,Nicholas,Smith,hinesdeanna@example.org,2021-08-24,714.329.0018,2025-06-21 09:51:26,True
463,Timothy,Hart,tochoa@example.com,2024-08-05,(330)684-8100,2025-06-16 13:38:01,False
464,Olivia,Perry,barrandrew@example.com,2023-10-20,(554)336-1721,2025-06-25 06:28:22,True
465,Charles,Cook,sandra10@example.net,2021-10-22,(668)759-2624,2025-06-16 15:12:50,True
466,Sabrina,Stanley,lisa10@example.org,2021-10-08,426-877-1196x42152,2025-06-28 16:57:16,True
467,Troy,Olson,oguzman@example.com,2021-09-12,+1-336-868-7887x8836,2025-07-07 04:04:19,False
468,Kimberly,Shepherd,jacquelineyoung@example.org,2022-04-02,4586721055,2025-07-03 22:31:36,True
469,Mary,Arnold,osanchez@example.org,2021-09-11,326-906-5019,2025-07-10 10:06:32,True
470,Anthony,Diaz,sanchezalexander@example.com,2021-10-18,001-227-228-4765x70412,2025-07-10 22:02:55,False
471,Glenn,Martin,rwall@example.com,2025-03-27,001-449-584-3624x186,2025-07-01 00:38:17,False
472,Brian,Long,velasqueztaylor@example.com,2023-12-20,(220)556-3411x1595,2025-06-25 06:55:49,True
473,Amber,Jones,avilakyle@example.net,2022-03-28,+1-303-641-9909x7005,2025-06-12 00:00:50,True
474,Karen,Benjamin,leonardmyers@example.com,2021-08-16,001-215-668-1820x967,2025-06-19 09:58:26,True
475,Faith,Miller,cisnerosjesse@example.org,2021-09-20,001-228-889-8572x54596,2025-06-23 04:43:10,True
476,Wendy,Lawson,ashleygamble@example.org,2020-08-25,(648)417-1752,2025-06-14 21:32:59,True
477,Barbara,Gomez,whitekelsey@example.com,2024-07-19,472-919-7054x669,2025-06-29 09:24:34,False
478,Megan,Crane,christopher68@example.com,2022-10-04,+1-309-503-8021x46296,2025-06-30 10:26:53,False
479,Elizabeth,Bailey,dday@example.org,2021-04-02,(716)963-6515,2025-06-21 21:52:24,False
480,Judith,Wilson,jjohnson@example.com,2021-10-05,+1-535-290-9605x6730,2025-07-02 02:52:24,True
481,Johnny,Thompson,chadsullivan@example.com,2024-05-12,(983)942-0165x42356,2025-07-07 14:02:44,False
482,Kristen,Sheppard,sgomez@example.net,2023-11-01,7892319925,2025-06-18 21:29:17,False
483,Sarah,Porter,daniel64@example.net,2020-07-21,827.591.0336x829,2025-06-28 11:41:04,True
484,Stephanie,Bonilla,woodmichael@example.com,2023-02-18,917.876.6558x68512,2025-06-29 16:51:12,True
485,Angela,Martin,qjames@example.net,2024-03-30,+1-349-911-1109x6179,2025-07-06 00:35:39,False
486,Linda,Contreras,xlewis@example.com,2025-03-19,(613)671-5766x0538,2025-06-24 10:17:57,True
487,Mary,Pope,anunez@example.com,2020-10-19,8025589552,2025-07-08 13:37:08,False
488,James,Newman,solisbecky@example.org,2023-11-04,001-826-658-2631x2819,2025-07-08 10:19:01,True
489,Stacy,Harris,johnsonalexander@example.net,2021-10-28,7984196027,2025-06-23 05:25:54,False
490,Rachael,Phillips,jessicaroman@example.com,2022-09-27,+1-604-612-0911x79112,2025-06-20 08:34:55,True
491,Chris,Kirk,peterhenry@example.org,2024-01-16,471-636-6572,2025-06-12 01:56:59,True
492,Donna,Welch,wilsonmatthew@example.com,2024-08-21,+1-298-402-8413x908,2025-06-22 02:09:03,True
493,Danny,Robinson,dillon12@example.com,2022-11-07,431.558.4776x8634,2025-06-25 05:37:14,False
494,Curtis,Mcguire,gabriel37@example.com,2024-04-26,(994)459-1966x39551,2025-06-13 05:28:07,False
495,Johnny,Ortiz,raymond12@example.com,2024-03-05,(353)213-5525,2025-06-27 01:19:07,False
496,Alex,Murphy,ubradley@example.org,2025-04-19,664-393-8318,2025-07-09 10:50:02,False
497,Robert,Avila,lisa33@example.org,2024-09-21,204.661.1729x5963,2025-06-12 10:54:58,False
498,Krista,Johnston,buckjustin@example.com,2020-11-01,+1-680-650-1716,2025-06-26 23:41:17,False
499,Michael,Miller,troy06@example.com,2024-05-22,515.491.0300x2156,2025-06-15 20:40:56,True
500,Jennifer,Burnett,villamiranda@example.com,2020-11-20,404-414-5964,2025-07-09 21:54:28,False
501,David,Flores,karenbarron@example.com,2024-04-28,+1-618-383-9774x57314,2025-06-28 17:25:17,False
502,Mary,Sanchez,heatherjones@example.com,2021-01-13,503.776.3715,2025-06-26 17:26:18,False
503,Shawn,Moore,sloanjeffery@example.com,2023-10-20,398.436.3146x249,2025-07-03 23:11:09,True
504,Julie,Allen,blopez@example.com,2025-01-14,854.718.1563x268,2025-06-14 04:04:04,False
505,Joseph,Davis,bdennis@example.org,2023-01-09,862.394.8978,2025-06-14 00:14:24,False
506,John,Rodriguez,brownaustin@example.com,2022-07-21,381-543-9666,2025-06-24 14:41:21,False
507,Jamie,Floyd,dana94@example.net,2020-07-19,328-497-4325,2025-06-20 16:24:27,True
508,Rachel,Thomas,waderonnie@example.org,2022-01-12,312-209-5790x737,2025-06-12 10:23:50,False
509,Erin,Roberts,aliciajackson@example.org,2021-04-27,645-777-5847,2025-07-03 20:37:08,True
510,Maria,Turner,patricia97@example.org,2022-10-26,+1-580-326-3257x03965,2025-06-20 23:58:40,True
511,Danielle,Sheppard,harcher@example.org,2022-10-12,+1-355-869-6443x09859,2025-07-03 16:16:52,False
512,Tammy,Sparks,daniel07@example.net,2021-10-10,228.949.8247x414,2025-06-13 13:50:57,True
513,Justin,Watkins,freemanadam@example.com,2020-07-11,6424548821,2025-06-21 03:20:22,False
514,Brenda,Miller,antoniofitzpatrick@example.org,2023-10-23,(661)444-9429x65923,2025-07-01 19:10:28,False
515,James,Torres,ashley78@example.org,2023-09-21,(912)287-5857x56766,2025-07-08 17:18:42,True
516,Susan,Fisher,christinaturner@example.org,2025-06-16,952.298.9406x26078,2025-06-15 16:46:13,True
517,Joseph,Andersen,cookconnor@example.com,2025-05-01,550.419.8038x2872,2025-06-26 04:42:01,False
518,Larry,Hays,shaffercindy@example.org,2021-07-01,302-991-8133,2025-06-12 18:51:44,False
519,Scott,Brown,evanstimothy@example.org,2022-07-09,+1-449-479-1620,2025-06-23 06:33:01,True
520,William,Lyons,thomasroberts@example.net,2021-05-16,001-875-446-6176,2025-06-12 22:43:25,True
521,Stephen,Elliott,carpenteraustin@example.net,2024-04-20,5527774025,2025-07-07 01:52:11,True
522,William,Thompson,michaelball@example.com,2024-06-06,001-624-446-1767x929,2025-06-27 07:42:43,False
523,Stephanie,Bailey,bjones@example.net,2021-11-16,411.877.5331,2025-07-01 23:32:11,True
524,Bryan,King,bradfordcharles@example.com,2020-10-09,(551)676-2983,2025-07-05 10:18:43,False
525,Erika,Perez,ryanrice@example.org,2021-04-03,001-301-730-2056,2025-06-20 14:01:50,False
526,Jessica,Bartlett,nlee@example.net,2024-07-20,655.398.2176x61912,2025-06-17 07:31:51,False
527,Jerry,Guzman,andrew44@example.com,2023-07-26,624-818-9389,2025-06-14 08:08:07,False
528,Heidi,Rodriguez,qgiles@example.net,2020-10-11,7562435023,2025-06-23 00:38:58,False
529,Charles,Gould,reedchad@example.com,2021-03-17,+1-572-740-1078,2025-07-02 12:53:15,False
530,Kevin,Horn,andrewbrown@example.org,2025-01-24,+1-460-387-0662x668,2025-07-02 20:23:15,True
531,Penny,Haas,michael56@example.org,2022-07-19,219.503.6890,2025-06-14 08:24:35,True
532,Brian,Gonzales,bradley59@example.net,2022-08-07,529-967-1114x8375,2025-06-26 06:49:43,True
533,Kimberly,Carter,alisonadams@example.net,2025-02-16,510.356.9741x32834,2025-06-29 16:00:04,False
534,Lisa,Thomas,hollysantos@example.com,2021-06-29,2706449641,2025-07-11 04:32:35,True
535,Tyler,Roy,owallace@example.org,2023-10-01,(768)604-0850,2025-07-10 06:39:08,True
536,Katherine,Peterson,yglenn@example.net,2021-01-03,686-448-7699,2025-06-30 02:22:18,False
537,Julie,Middleton,rebeccacampbell@example.net,2022-11-09,638-745-9609,2025-06-24 15:14:56,False
538,John,Delgado,martinezashley@example.com,2022-10-09,(977)507-0705,2025-07-01 10:12:06,True
539,Bethany,Miller,stephanie72@example.com,2022-11-14,972-732-2903x102,2025-06-13 15:01:02,False
540,Jennifer,Brown,theresa05@example.net,2020-11-25,+1-735-711-8718x133,2025-07-01 18:46:31,True
541,Dawn,Liu,angellawson@example.com,2023-05-16,(557)749-0250x42901,2025-07-06 09:15:22,False
542,Kimberly,Romero,shelby69@example.org,2021-10-19,(911)939-8986x8180,2025-06-26 23:23:48,True
543,James,Johnston,marklloyd@example.com,2022-06-27,751.937.6515x881,2025-07-10 23:15:58,True
544,Shane,Barnes,sarasanchez@example.com,2025-06-30,+1-929-544-5511x66829,2025-06-20 07:45:09,False
545,Alexis,Martinez,kathy71@example.org,2020-10-23,(602)312-8866x52683,2025-06-27 22:32:44,True
546,Brittany,Jensen,jonessamantha@example.com,2024-01-01,+1-776-947-2298x1209,2025-06-30 00:08:20,True
547,Samuel,Romero,shirley13@example.com,2024-09-19,209-588-9864x56522,2025-07-02 11:44:53,False
548,Joshua,Hobbs,cory42@example.org,2022-12-21,377-532-4491x342,2025-07-08 09:27:09,False
549,Kari,Johnson,moyeramber@example.org,2020-07-30,305.934.9678x2741,2025-07-02 13:45:42,False
550,Jose,Lin,jessica15@example.org,2022-06-01,001-315-728-5478x1506,2025-06-20 19:57:57,False
551,Donna,Rich,averycourtney@example.org,2021-09-08,001-963-634-7272,2025-06-17 23:41:03,True
552,Cynthia,Davis,aaronjones@example.net,2022-04-18,001-420-664-9693x578,2025-06-22 20:18:39,True
553,Elizabeth,Henry,iharper@example.com,2023-01-13,331-446-7536,2025-07-04 03:35:31,True
554,Donna,Bailey,xbush@example.com,2024-09-06,+1-663-704-4836x085,2025-07-01 13:15:07,False
555,Lisa,Coleman,rita47@example.net,2022-05-21,404-276-3928x31995,2025-06-12 14:44:22,True
556,Christopher,Bush,katie81@example.net,2020-12-09,535.583.2863x42556,2025-06-12 06:01:42,True
557,Megan,Fischer,masonlacey@example.org,2021-11-09,340-333-0416x6241,2025-07-06 01:55:54,False
558,Jade,Oconnor,smithmaria@example.net,2021-10-24,296-639-4568,2025-06-24 21:25:35,False
559,James,Baker,bbennett@example.org,2022-05-31,(384)974-8836x07658,2025-06-22 11:11:07,False
560,Theresa,Sanders,sergiowoods@example.org,2023-03-02,921-518-2379x31269,2025-06-14 10:47:50,False
561,Trevor,Jenkins,mary05@example.net,2025-05-01,+1-960-943-8787x535,2025-07-06 13:29:28,False
562,Michele,Haney,morseronald@example.org,2023-09-20,(202)881-2371,2025-07-05 15:04:02,True
563,Connie,Warren,kaitlynpayne@example.com,2020-08-07,516-744-8595x9224,2025-07-06 19:15:24,False
564,John,Ford,sara22@example.net,2024-07-21,5565227104,2025-06-16 03:28:34,False
565,Stephen,Davis,ewheeler@example.com,2025-04-12,750.834.4694,2025-06-23 22:56:24,False
566,Amber,Hopkins,watkinsdakota@example.org,2022-11-26,(649)912-8965,2025-06-21 17:59:43,True
567,Aaron,Hall,christopherpratt@example.org,2021-09-28,(870)951-0287,2025-06-27 11:13:20,True
568,Vincent,Wilson,ybennett@example.net,2024-07-23,(948)958-1932x426,2025-06-23 18:02:04,False
569,David,Yoder,gregory57@example.net,2023-06-19,001-563-298-3652x0375,2025-07-10 01:05:40,True
570,Mark,Bartlett,wesley09@example.com,2020-10-22,+1-947-460-4409x0797,2025-07-04 13:44:34,False
571,Nancy,Christensen,johnsonanthony@example.net,2021-10-28,001-622-516-1070x518,2025-07-11 09:30:06,False
572,Allen,Hood,rachael29@example.net,2023-08-21,606.560.1382x41270,2025-07-06 03:02:45,False
573,Gerald,Francis,collinsann@example.org,2023-06-05,291.497.1112x125,2025-06-12 02:17:51,True
574,Dana,Stevens,kylebecker@example.org,2021-08-26,506-442-4295x6334,2025-06-25 21:45:23,True
575,Heidi,Baker,xkelly@example.com,2024-12-21,520.796.2893x654,2025-07-06 01:03:52,False
576,Maria,Bauer,palmerjason@example.org,2024-07-02,801-282-7279x559,2025-06-27 05:43:34,False
577,Daniel,Howard,moorethomas@example.com,2021-05-17,(954)827-8207,2025-06-30 23:23:34,False
578,Mary,King,carolyn76@example.com,2020-11-11,281.466.4969,2025-07-06 10:53:48,True
579,Sandra,Tanner,stephaniebradley@example.org,2021-08-17,+1-450-614-2576x27023,2025-06-26 12:25:48,True
580,Jack,Hodge,pdavis@example.org,2025-03-31,001-550-372-5178x63767,2025-06-30 09:41:30,True
581,Lucas,Mcconnell,smejia@example.net,2024-02-19,+1-768-715-7903x923,2025-06-28 02:05:26,False
582,Madeline,Bishop,pmelendez@example.org,2021-09-11,630.834.6156x2624,2025-07-04 22:08:08,True
583,Jose,Friedman,frankfleming@example.org,2024-06-23,851-960-2529,2025-06-12 03:38:14,False
584,Desiree,Santiago,twise@example.com,2022-09-21,001-819-378-5758x5126,2025-06-18 21:20:57,True
585,Matthew,Villa,james97@example.com,2020-12-07,740.617.7509x546,2025-06-12 17:33:01,False
586,Joseph,Carter,usmith@example.com,2020-10-28,+1-415-908-6321x812,2025-07-02 12:24:14,True
587,Michael,Ellis,samanthaberger@example.net,2024-12-22,001-370-815-5029,2025-07-06 11:23:43,False
588,Christian,Pennington,roberto02@example.net,2022-09-16,001-716-913-9449x8830,2025-06-22 00:52:21,False
589,Selena,Hill,joshuapowers@example.net,2023-11-30,(644)606-3062,2025-07-04 00:55:07,False
590,Kristy,Reid,walkerandrew@example.com,2022-05-27,894-997-9695,2025-07-08 15:51:11,True
591,Matthew,Flores,vhernandez@example.com,2022-04-25,+1-726-346-0917,2025-06-21 15:57:00,False
592,Traci,Wood,karen77@example.org,2021-11-06,+1-592-895-9660x487,2025-07-07 16:28:35,True
593,Nicholas,Rush,davisjeffery@example.org,2025-05-18,322-768-6536x9455,2025-07-05 23:21:46,False
594,Amanda,Perez,dsimpson@example.com,2024-05-06,(326)840-8572,2025-07-09 18:04:06,False
595,Robert,Barnes,danamontgomery@example.org,2024-10-20,999-360-5932,2025-06-29 13:33:41,True
596,Julia,Stephenson,marnold@example.org,2024-06-01,(932)973-5241x039,2025-06-23 11:38:09,False
597,Carrie,Fritz,teresaporter@example.org,2023-05-05,(837)310-0687,2025-07-01 20:04:48,True
598,Nicole,Medina,gonzalesmaria@example.org,2023-01-06,(405)768-7611x2491,2025-07-01 15:11:26,False
599,Matthew,Durham,gclark@example.com,2021-02-25,273.445.4757x494,2025-06-18 18:35:45,False
600,Keith,Walker,anna44@example.net,2021-11-13,001-647-874-2229,2025-06-24 01:55:06,False
601,Jeremy,Rosales,eddie04@example.com,2024-11-06,001-886-979-2529x8585,2025-06-19 19:10:32,False
602,Timothy,Webb,esmith@example.com,2022-06-08,533-524-9135x7790,2025-06-29 05:42:50,False
603,Antonio,Sims,william48@example.net,2025-02-04,507-598-3342,2025-07-03 17:29:27,True
604,Billy,Lynch,christopher31@example.org,2024-12-19,303-533-9977x1805,2025-07-04 19:23:39,True
605,Scott,Alvarez,danielsjason@example.com,2023-01-27,001-909-261-7399,2025-06-23 19:26:34,False
606,Richard,Nelson,markwebb@example.com,2023-01-26,283-754-8847x127,2025-07-06 07:48:06,False
607,Tyler,White,gchambers@example.com,2023-06-08,+1-382-631-3348x4587,2025-07-11 04:17:08,True
608,Ashley,Moore,jamesfoster@example.org,2021-11-12,+1-725-487-9643x474,2025-06-26 10:55:19,True
609,Jessica,Calderon,shannon69@example.com,2024-01-26,5605652740,2025-06-24 00:18:53,True
610,Marissa,Johnson,ugibbs@example.net,2025-04-14,001-933-298-7411x3257,2025-06-30 12:35:30,False
611,Susan,Mccarthy,joshualawson@example.com,2021-01-10,905-448-5741,2025-06-15 04:20:19,True
612,Tiffany,Oconnor,morganlawrence@example.net,2022-03-23,+1-617-235-9848,2025-06-18 09:47:31,False
613,Kayla,Harrell,susan57@example.net,2022-05-08,(657)237-5534,2025-06-18 09:33:42,True
614,Dawn,Simmons,hyates@example.org,2024-11-17,(309)360-8587x495,2025-07-09 00:45:56,True
615,Terri,Norman,laurenmathis@example.org,2025-05-28,793.916.4772x512,2025-07-07 04:58:00,False
616,Heather,Wilkins,zpreston@example.net,2023-01-08,6965003562,2025-07-09 22:59:00,False
617,Katrina,Patel,kaylaandrews@example.com,2025-06-06,(232)434-2108,2025-07-07 19:22:11,True
618,Stephanie,Murphy,sarah33@example.com,2021-11-29,(243)935-0271x60736,2025-07-02 21:04:46,False
619,James,Wise,davisgregory@example.net,2024-11-30,523-517-9556,2025-06-15 23:54:52,False
620,Michael,Scott,duffyallen@example.com,2024-02-04,(615)754-1643x1670,2025-06-13 18:59:41,True
621,Melanie,Thompson,andersoneric@example.net,2024-07-08,001-400-493-4596x26228,2025-06-29 07:28:14,True
622,Kristin,Johnson,kevingarrett@example.com,2023-04-03,8054070260,2025-06-19 06:25:11,True
623,Alexis,Prince,barnescarl@example.com,2024-06-21,(387)929-0477x42585,2025-07-05 12:17:28,False
624,Mariah,Duncan,jeffreyanderson@example.org,2022-06-10,+1-611-464-9133x42457,2025-06-27 12:13:04,False
625,Nicholas,Thomas,adkinslauren@example.net,2020-12-06,220.920.3265,2025-07-05 01:51:20,True
626,Jacob,Kane,nhayes@example.com,2022-10-04,+1-771-948-5524,2025-07-08 05:39:04,False
627,Elizabeth,Barnett,kathryn41@example.com,2024-02-25,+1-608-921-3711x8425,2025-07-02 18:18:12,False
628,Tracey,Miller,raymondpugh@example.net,2022-03-07,(230)735-8929,2025-07-07 18:38:55,True
629,Heather,Osborn,nicholasgarcia@example.org,2022-06-12,001-928-796-3406x46867,2025-06-18 04:43:36,False
630,Sharon,Smith,jeanette43@example.net,2021-02-02,8628272362,2025-07-10 07:11:08,True
631,John,Bell,tabithahill@example.com,2021-07-28,001-392-937-2450x1848,2025-06-22 20:38:46,False
632,Samuel,Short,whernandez@example.net,2023-06-05,306-341-7692x743,2025-07-10 21:02:58,False
633,Michelle,Allen,bcopeland@example.com,2021-01-02,+1-914-544-8564x5101,2025-07-10 00:37:24,False
634,Jeffrey,Hamilton,dalton78@example.net,2025-05-02,(798)860-9191x9113,2025-06-30 16:52:54,False
635,Julie,Reed,kphelps@example.net,2020-11-02,(660)739-2051x4607,2025-06-28 06:58:57,True
636,Teresa,Wright,ubowers@example.com,2022-10-05,001-523-788-5652x71559,2025-06-26 10:27:33,True
637,Robin,Davis,fedwards@example.net,2022-02-08,001-563-647-5575x22501,2025-07-06 03:48:26,False
638,Dawn,Phillips,raymonddominguez@example.org,2021-04-26,496-842-5856,2025-06-16 14:52:07,False
639,Lisa,Clay,christina15@example.org,2024-04-14,5385240733,2025-07-02 23:11:14,False
640,Lisa,Thomas,john09@example.com,2024-04-03,(688)893-6289x69645,2025-06-29 13:28:58,True
641,Rachel,Giles,amber12@example.com,2022-08-16,+1-592-718-7851,2025-07-08 11:40:37,True
642,Steven,Andrews,stevenssamuel@example.net,2024-03-26,420-387-8057,2025-06-28 19:03:20,True
643,Stephanie,Hill,stacey09@example.com,2024-03-09,001-826-437-4845x398,2025-07-07 18:49:47,False
644,Brenda,Huffman,josephmichael@example.org,2021-02-15,+1-318-762-3392x207,2025-06-15 21:57:04,True
645,Sophia,Berry,yballard@example.net,2024-07-22,(952)314-5264,2025-06-20 13:10:15,True
646,Richard,Perez,morgankaren@example.net,2022-09-18,2902805120,2025-06-27 10:57:16,True
647,Kevin,Marsh,michele23@example.net,2024-10-04,(483)951-2959,2025-06-20 04:55:43,False
648,Eduardo,Fuentes,howellsavannah@example.org,2023-03-05,715-929-8217x3929,2025-07-08 04:34:44,True
649,Kristen,Raymond,morganmichael@example.org,2024-09-11,360.750.7918,2025-07-07 04:31:41,False
650,Bailey,Patel,psherman@example.org,2022-12-04,727-934-6666x17071,2025-07-11 04:26:40,True
651,Kevin,Gay,kelli08@example.org,2022-02-14,249-298-2508,2025-06-26 07:05:35,True
652,Jacob,Brandt,colongabrielle@example.com,2024-11-05,528.250.3172x35137,2025-06-13 18:50:12,True
653,Jamie,Norris,adam35@example.org,2023-11-03,656.802.2939,2025-07-09 06:51:45,False
654,Michelle,Sims,shelbyvaldez@example.com,2024-01-02,001-206-966-4374x906,2025-06-17 20:18:04,False
655,Hannah,Jones,wilsonrachel@example.com,2021-02-01,(685)624-6484,2025-06-16 20:32:16,False
656,David,Carson,stephaniepeters@example.com,2022-03-25,(880)477-1130,2025-06-15 15:32:45,False
657,Heather,Jones,cgilbert@example.net,2021-09-26,690.483.3509x025,2025-06-28 14:03:06,False
658,James,Schneider,sjames@example.net,2021-01-23,623.457.0713,2025-06-18 13:09:57,False
659,Tamara,Brown,ortizamanda@example.net,2021-12-19,001-355-502-1306x0906,2025-06-13 07:08:27,False
660,Amy,Smith,ppineda@example.com,2022-12-04,+1-796-573-7945x77278,2025-06-18 14:22:56,True
661,Dana,Thompson,kkidd@example.com,2020-09-13,(842)907-6836x25366,2025-07-03 13:07:01,False
662,Stephanie,Ford,mark62@example.net,2025-01-11,833.739.3957,2025-06-26 11:41:55,True
663,Philip,Harrison,xevans@example.net,2024-01-11,4339582686,2025-06-12 17:54:20,False
664,Jamie,Bradley,joshuareese@example.net,2021-11-06,+1-269-332-6573x2759,2025-06-14 18:17:03,True
665,Andrew,Mora,riverachristopher@example.com,2022-04-01,001-623-641-5959x7752,2025-06-16 12:23:27,False
666,Ernest,Gilmore,robertpatel@example.net,2024-01-03,(388)274-3127,2025-06-18 04:07:10,True
667,Thomas,Woods,willisvanessa@example.com,2024-04-09,001-392-770-7955,2025-06-14 22:23:53,True
668,Dennis,Evans,hrangel@example.net,2022-03-14,+1-654-515-9709x9625,2025-07-06 12:18:59,True
669,Tina,Strong,burnsrebecca@example.org,2022-07-21,001-244-476-5047x158,2025-06-12 02:34:34,False
670,Ashley,Turner,rebeccajames@example.org,2022-10-27,001-565-958-6652x548,2025-06-25 06:16:16,True
671,Christopher,Cole,trujillorobin@example.net,2021-06-27,5213312512,2025-06-15 05:59:46,True
672,Jennifer,Doyle,molly91@example.org,2025-06-24,+1-275-819-1023x1211,2025-06-22 21:41:18,True
673,Brendan,Miller,colleen37@example.org,2024-09-25,+1-527-649-0728x012,2025-06-18 13:46:58,False
674,Barbara,Lopez,warnercharles@example.org,2023-04-04,001-532-269-4968x43645,2025-06-23 19:21:00,True
675,Karen,Brown,snyderraven@example.org,2024-03-07,670-715-9591,2025-07-03 11:20:25,True
676,Judy,Castillo,fevans@example.com,2025-03-02,001-933-992-0567x7567,2025-06-19 00:01:34,True
677,Joann,Cruz,markskristina@example.com,2021-10-17,(450)662-2923x1067,2025-06-27 23:08:10,True
678,Andrew,Myers,maria84@example.org,2022-02-20,697.466.2705x1157,2025-06-23 00:06:28,False
679,Sherry,Lara,thenry@example.net,2021-11-14,949-369-1928x45525,2025-06-12 10:46:08,False
680,Mitchell,Sanchez,haley57@example.com,2025-03-30,995-232-5939x93379,2025-06-26 19:20:34,False
681,Nicole,Cruz,cindymiller@example.com,2024-06-16,+1-541-276-3425x073,2025-06-27 11:22:04,True
682,Mallory,Olson,kristenfrye@example.com,2023-03-13,+1-683-539-9140x388,2025-06-29 20:13:03,False
683,Jackie,Farrell,jose24@example.org,2020-10-07,+1-361-657-2768x2975,2025-07-03 17:20:52,True
684,James,Obrien,frank25@example.org,2021-07-29,2588752568,2025-06-27 07:29:16,False
685,Gregory,Austin,schneidermario@example.net,2020-11-09,702.771.1221x82315,2025-06-15 12:41:32,False
686,Matthew,Jones,hgardner@example.com,2023-11-22,001-228-213-7214x330,2025-06-22 12:53:06,False
687,Bobby,Robinson,stephaniebest@example.org,2024-10-12,256-560-8470x68103,2025-06-22 17:31:45,False
688,Travis,Bailey,perkinsmicheal@example.org,2023-11-25,828.409.4485,2025-06-21 09:00:00,False
689,Cathy,Cook,rachael61@example.net,2022-12-13,507.598.6321x061,2025-07-09 06:28:29,False
690,Julie,Whitaker,oliviameyers@example.com,2024-06-19,5394438040,2025-06-27 19:11:40,True
691,Victor,Cortez,stephen69@example.org,2024-09-14,689.243.1910x0900,2025-06-26 07:40:35,False
692,Patrick,Carroll,coltonrichardson@example.net,2022-02-22,(351)246-0401x42473,2025-07-04 17:18:14,True
693,Alexis,Miller,spencertanner@example.net,2025-04-06,240-997-1231x660,2025-07-02 14:01:12,False
694,Robert,Dudley,douglassusan@example.com,2022-12-01,001-973-540-4337x0096,2025-06-13 21:14:15,True
695,Michael,George,ihoover@example.org,2023-09-12,+1-658-482-5562x96575,2025-07-05 14:16:56,False
696,Amy,Ward,qmiller@example.org,2023-05-09,(477)482-0582x958,2025-06-21 13:55:29,False
697,Randy,Colon,mooneyamy@example.net,2021-05-28,001-704-782-3571,2025-07-08 05:07:36,False
698,Alexandra,Weiss,barbarabrady@example.net,2021-06-05,372.630.8172,2025-06-23 07:53:30,False
699,Richard,Bryan,lynnjames@example.org,2020-10-14,613-721-1471x6560,2025-06-30 09:53:38,True
700,Jared,Patterson,lreid@example.org,2024-09-13,3758504768,2025-07-10 02:11:07,False
701,Nicole,Avery,yvang@example.org,2024-09-01,001-917-248-1131x76539,2025-06-27 06:18:33,True
702,Angela,Padilla,arobinson@example.org,2020-08-10,+1-229-608-7182x74968,2025-07-10 00:28:48,True
703,Helen,Henry,kcarter@example.org,2022-12-28,+1-456-812-1377x306,2025-06-13 17:15:11,True
704,Ian,Peterson,cperez@example.net,2021-07-05,722-829-9077,2025-06-12 14:03:48,False
705,Alicia,Benson,barnesarthur@example.com,2025-04-06,001-361-211-4576x832,2025-06-19 10:52:25,True
706,Ashley,Ortega,ikeller@example.com,2025-04-06,671-429-6180x332,2025-06-30 13:20:43,True
707,Nathan,Dixon,rodriguezelizabeth@example.net,2025-01-13,9429537337,2025-06-21 23:36:22,True
708,Gerald,Tran,thomasdavid@example.net,2021-10-04,001-817-281-9236x53460,2025-06-27 03:31:50,False
709,Ralph,Lee,peter93@example.net,2021-08-09,298.862.3984x7169,2025-06-14 19:25:12,False
710,Christopher,Snow,kendrawilliams@example.com,2023-11-13,475-948-9547x876,2025-06-27 22:51:24,True
711,Heather,Hester,kingjoseph@example.com,2022-12-24,+1-883-655-3935x435,2025-06-24 09:36:47,False
712,Rodney,Hopkins,leahbarker@example.org,2023-08-07,001-588-753-7982x143,2025-06-20 11:26:12,False
713,Lisa,Brooks,rwashington@example.net,2024-06-05,+1-852-249-1416,2025-06-14 19:40:03,True
714,Lisa,Scott,jgibson@example.net,2022-11-17,396.434.0679x17665,2025-06-20 09:08:16,True
715,Michael,Solis,williamschad@example.org,2025-03-10,+1-242-316-3090,2025-06-27 23:28:29,False
716,Jennifer,Mitchell,jerrymontgomery@example.net,2022-10-16,+1-453-820-8953,2025-06-21 10:48:43,False
717,Christina,Best,duncanchristina@example.com,2024-08-28,413-563-3792,2025-06-25 03:44:33,True
718,Aaron,Lambert,mriley@example.com,2024-04-26,831.216.7726,2025-07-07 20:45:16,False
719,Joseph,Macias,hkim@example.com,2023-04-06,4783967935,2025-07-10 18:17:49,False
720,Felicia,Jackson,uclark@example.com,2023-12-20,234-836-9709x317,2025-07-09 08:09:49,True
721,Michael,Smith,bramsey@example.org,2024-03-29,553-245-4722x398,2025-06-30 02:33:00,True
722,Brandon,Perez,christopherdominguez@example.org,2022-08-26,484-572-4264,2025-07-01 11:11:46,True
723,Garrett,Jones,oliverashley@example.net,2022-01-07,487-362-3039x1114,2025-07-04 01:01:49,False
724,Kathleen,Cummings,amandalopez@example.org,2023-04-17,(448)208-8062,2025-07-04 08:38:17,True
725,Meghan,Allen,audrey47@example.org,2024-05-23,(213)629-0162,2025-07-03 22:58:28,False
726,Lauren,Byrd,upierce@example.com,2024-12-27,485.299.6486x287,2025-06-21 15:11:00,True
727,Carol,Richardson,darrell66@example.com,2023-01-26,(605)873-0362x792,2025-06-23 10:59:20,True
728,Allen,Perez,zking@example.com,2024-06-24,(737)926-0321x450,2025-06-30 08:30:24,False
729,Monica,Miller,michael88@example.com,2020-11-12,215.253.4820x1284,2025-07-06 07:45:14,True
730,Crystal,Watson,zpowell@example.net,2024-06-09,(295)345-0891x776,2025-06-19 00:46:40,True
731,Mark,Klein,douglas31@example.net,2023-10-15,863-400-4023x693,2025-07-02 07:31:24,False
732,Ashley,Mooney,aaronjones@example.org,2022-10-12,001-971-637-2711x7595,2025-07-09 14:26:23,False
733,Amy,Valenzuela,crystal58@example.org,2024-12-11,+1-249-633-0674x58476,2025-06-24 02:18:38,True
734,Madison,Peters,nicolewright@example.org,2021-05-12,001-488-956-6695x413,2025-06-14 19:24:16,False
735,Lee,Small,bsullivan@example.org,2024-01-17,805.551.4377x6936,2025-06-25 11:53:40,True
736,Cheryl,Martin,carlywatkins@example.org,2021-05-18,210-228-6712,2025-07-04 11:07:58,True
737,Antonio,Carter,erika59@example.org,2020-11-12,(245)510-9109,2025-06-19 20:07:24,False
738,Madison,Henry,brittney98@example.org,2022-12-10,(517)694-2817,2025-06-13 03:27:27,False
739,Melissa,Ortega,wpatrick@example.net,2023-02-16,266-334-5337x2201,2025-06-18 18:11:42,True
740,Whitney,Martinez,campbellmarvin@example.com,2025-06-13,976.261.8943,2025-06-29 06:28:12,True
741,Peter,Reed,johnsonmelissa@example.com,2023-11-02,(777)465-7256,2025-06-11 22:48:08,True
742,Stephanie,Perry,vhutchinson@example.org,2020-11-17,(238)297-4326,2025-06-29 02:24:48,False
743,Matthew,Mendez,aaron78@example.org,2022-04-26,(558)848-6899,2025-06-13 12:04:09,False
744,Tamara,Garza,amber70@example.com,2023-05-09,5697176799,2025-07-10 06:34:35,True
745,Shannon,Evans,montoyaelizabeth@example.net,2022-09-07,(340)683-0373x6060,2025-07-07 13:45:21,False
746,Shelby,Smith,kayla07@example.net,2022-05-04,+1-584-213-6852,2025-07-02 10:32:23,True
747,Mark,Sanchez,ismith@example.net,2022-09-20,(344)662-6325,2025-06-26 14:43:13,False
748,Heather,Fowler,mcgrathmorgan@example.org,2022-07-24,942-317-5188,2025-07-04 22:49:22,False
749,Christina,Floyd,kristina52@example.com,2022-02-18,+1-440-591-1225,2025-07-04 19:51:00,False
750,Crystal,Johnson,bsparks@example.org,2024-11-18,001-763-723-9791x37876,2025-06-21 06:07:08,True
751,Benjamin,Lopez,andre55@example.com,2020-08-02,771-321-9881x92778,2025-06-13 03:58:39,False
752,Logan,Collins,gcarter@example.org,2023-01-28,+1-624-862-4561x85174,2025-06-12 16:37:13,True
753,Tina,Murphy,kanesarah@example.net,2021-05-17,(511)245-5129x391,2025-06-25 00:17:55,True
754,Mckenzie,Pierce,cainana@example.net,2025-03-02,384-316-0461x5402,2025-07-10 03:33:34,True
755,Daniel,Woods,zpacheco@example.net,2021-06-07,929-583-1522x910,2025-06-17 17:42:24,True
756,Joann,Short,veronicasmith@example.net,2022-11-06,001-837-583-0639,2025-07-07 05:02:42,True
757,Max,Sullivan,sbartlett@example.com,2022-08-22,+1-416-449-7016x934,2025-07-09 18:07:20,True
758,Tammy,Wright,halljohn@example.org,2021-02-19,+1-562-934-1903x10615,2025-06-18 14:21:17,True
759,Jennifer,Floyd,mark66@example.net,2024-12-08,+1-247-632-3653x37746,2025-06-11 17:41:51,False
760,Steven,Brown,goodmanalice@example.org,2024-01-15,342-944-2607,2025-06-28 11:24:07,True
761,Dawn,Cole,mary64@example.org,2024-08-10,472.303.7638,2025-06-24 14:00:01,False
762,Nathan,Scott,nelsondominique@example.com,2023-12-16,4199134438,2025-07-07 05:40:55,True
763,Edward,Smith,abradley@example.com,2022-03-02,(714)364-4936,2025-06-30 00:46:34,False
764,Colleen,Zamora,brandon55@example.com,2022-07-29,+1-457-536-8011,2025-07-01 12:40:36,True
765,Jamie,Gutierrez,garciaveronica@example.net,2024-04-11,001-323-633-5104x096,2025-07-10 03:56:05,False
766,Patricia,Davis,cheryldavis@example.com,2025-02-02,001-330-574-8207x3651,2025-07-09 12:50:43,True
767,Aaron,Horton,karen82@example.org,2021-05-08,+1-490-643-2230x2333,2025-07-03 23:04:14,True
768,Dorothy,Perez,anthonyswanson@example.net,2022-04-05,(446)821-2760x250,2025-06-16 20:34:32,True
769,Kathy,Lewis,roberthamilton@example.net,2021-12-08,588-989-9572x989,2025-07-02 05:09:50,True
770,Cheryl,Norton,leslie93@example.net,2020-09-10,464.268.7191,2025-06-22 17:47:58,False
771,Isabella,Herring,castroralph@example.net,2025-06-18,001-320-582-8323x089,2025-07-07 18:07:09,False
772,Christopher,Warren,greenmartin@example.org,2022-01-14,9673323182,2025-07-02 01:56:37,False
773,Cynthia,Miller,steven45@example.org,2020-10-20,001-900-700-1529x11371,2025-06-14 08:50:01,False
774,Kaitlyn,Jacobs,vanessaedwards@example.net,2021-07-02,344.442.1829x98747,2025-06-20 02:52:11,False
775,Keith,Howell,edwardstaylor@example.net,2024-03-21,700.690.0436x551,2025-07-07 07:40:16,True
776,Richard,Hart,robertsalinas@example.net,2022-06-17,550-554-2960x80706,2025-07-01 12:02:02,False
777,Melissa,Grant,kristin09@example.net,2024-12-29,(321)204-0164,2025-06-24 06:55:50,False
778,Jessica,Hayden,amywells@example.org,2024-11-28,363.481.6432,2025-07-01 00:15:56,False
779,Erica,Barber,rickey20@example.org,2024-02-04,001-825-486-3144x17064,2025-06-28 19:21:47,False
780,Nathaniel,Roberts,lopezkristina@example.net,2023-08-30,282-543-0176x46448,2025-06-16 21:05:21,True
781,John,Terry,mariahill@example.net,2021-08-31,790.550.4043x333,2025-07-07 03:13:03,True
782,Brenda,Stephenson,fosterjeffrey@example.org,2021-05-23,519-578-7180,2025-07-10 09:24:02,True
783,Crystal,Gonzalez,dennisschneider@example.org,2020-11-08,(201)219-8756x17868,2025-06-20 13:28:36,True
784,Lori,Osborn,willismatthew@example.com,2021-06-23,+1-929-680-3657,2025-06-25 08:36:38,False
785,David,Hardy,nrangel@example.net,2022-05-04,(659)352-0149x1189,2025-07-07 18:22:59,True
786,Jeremiah,Sanders,bcooper@example.net,2021-09-15,001-763-722-3998x21374,2025-07-01 21:27:15,True
787,Christopher,Peck,david86@example.net,2020-11-20,(405)837-6660x811,2025-06-12 11:04:14,True
788,Sherry,Golden,meyerjames@example.com,2023-11-28,+1-610-762-7153x123,2025-06-28 20:40:01,True
789,Lisa,Hicks,ryanrodriguez@example.net,2024-08-25,(982)593-8440x13480,2025-06-28 05:18:15,True
790,John,Roy,ricklewis@example.net,2023-09-15,+1-310-615-7090x859,2025-06-25 11:04:30,False
791,Hunter,Smith,lbraun@example.org,2023-12-13,001-699-496-9964x89971,2025-07-07 13:45:50,True
792,Beth,Walsh,dylancunningham@example.com,2020-09-14,001-884-299-3231x23426,2025-07-01 09:16:45,False
793,Holly,Branch,omoore@example.org,2024-05-30,001-760-572-3483x89359,2025-07-06 20:13:20,True
794,Diane,Hoffman,hufftina@example.org,2023-06-15,(412)899-6508x26958,2025-06-24 12:05:34,True
795,Kristen,Reyes,ocooper@example.org,2022-05-14,7873612385,2025-06-23 19:39:21,True
796,Kimberly,Ross,johnhogan@example.com,2024-11-07,800-327-3008x696,2025-06-14 06:23:27,True
797,Martha,Hines,charlesbarnett@example.net,2023-05-16,6013680941,2025-06-27 04:35:07,True
798,Shawn,Ayala,monicaavery@example.net,2024-01-08,+1-820-453-4407x7794,2025-06-14 09:55:20,False
799,Sherri,Mcclure,ahines@example.net,2021-08-17,+1-325-608-1776x029,2025-06-12 16:37:25,False
800,Sharon,Leonard,carlos33@example.org,2024-05-20,312.955.2356,2025-07-08 00:44:24,True
801,Steven,Harris,erikamiller@example.org,2020-07-11,(813)363-8527x7895,2025-06-20 19:57:09,True
802,Seth,Vance,kurt90@example.net,2021-12-16,001-850-626-4801,2025-06-25 09:54:20,True
803,Joel,Harris,marilyn67@example.net,2021-06-11,(377)982-2102,2025-07-10 04:21:44,False
804,Margaret,Garcia,josearias@example.com,2021-12-25,001-585-379-7363,2025-07-06 14:30:14,True
805,Amy,Ferrell,ojohnson@example.net,2024-05-06,001-507-898-6617x7067,2025-07-06 17:58:20,False
806,Lindsey,Dalton,diazaaron@example.net,2021-09-29,722-235-5216,2025-06-27 20:29:53,False
807,Vanessa,Giles,richard21@example.net,2022-01-02,692-559-6790,2025-07-02 11:04:35,False
808,Chelsea,Roberts,bentondavid@example.org,2023-05-04,4936869484,2025-07-10 23:42:28,True
809,Meghan,Lynch,hollandjustin@example.com,2025-03-01,470.271.5238x67673,2025-07-11 11:20:29,False
810,Joshua,Deleon,ballelizabeth@example.com,2024-09-24,+1-487-768-2996x872,2025-07-06 15:27:19,False
811,James,Gamble,gibbsamanda@example.net,2024-12-25,8628350405,2025-06-27 16:48:00,False
812,Stephen,Johnson,jacksonrachel@example.org,2023-06-09,(644)428-6796x325,2025-06-23 13:28:27,False
813,Stephanie,Sutton,kristine33@example.net,2025-05-23,756-924-1528,2025-06-20 05:24:08,True
814,Paul,Schmitt,richardlawrence@example.net,2022-05-31,689-851-3818x65507,2025-07-08 17:03:02,True
815,Alexis,Flores,smejia@example.com,2022-06-06,9349918911,2025-06-19 14:09:31,True
816,James,Whitaker,brandi40@example.org,2023-08-15,764.515.4715,2025-06-16 19:03:30,True
817,Jessica,Diaz,lisaalvarez@example.net,2021-05-08,367.650.0942,2025-06-15 19:39:27,True
818,Kimberly,Thompson,hgilbert@example.net,2024-12-23,780.892.7045x2388,2025-06-19 11:47:56,True
819,Savannah,Grant,ubutler@example.net,2024-10-30,(778)874-4227x58548,2025-06-29 05:53:17,True
820,Kristin,Skinner,gregory24@example.net,2021-07-13,665-702-0002,2025-06-22 17:36:28,False
821,Deborah,Hall,davidwiley@example.org,2023-04-18,613-605-5708x36821,2025-06-25 09:26:32,False
822,Alicia,Reyes,sthomas@example.org,2024-02-14,574.362.0258x254,2025-07-07 02:46:09,True
823,Linda,Thompson,mclaughlinjames@example.org,2021-08-06,292.304.9106,2025-07-06 19:30:08,True
824,Robert,Burns,jenniferford@example.org,2025-01-19,(976)981-7225,2025-06-27 03:57:05,True
825,Julie,Cox,timothy62@example.net,2020-10-19,929-318-7683x16082,2025-07-04 08:17:42,True
826,Bryan,Mcdaniel,scottlove@example.org,2025-04-28,+1-492-305-2229x9936,2025-07-02 07:44:35,True
827,Diane,Richards,joel82@example.org,2021-12-09,953-598-3584x46177,2025-06-19 10:22:06,False
828,Keith,Mcmahon,jose49@example.com,2021-07-06,(979)397-0292,2025-06-19 10:59:00,True
829,Mark,Estrada,fwolf@example.net,2021-06-24,475.229.8832,2025-06-16 08:57:43,True
830,Laura,Sanders,kelleyglen@example.org,2022-10-12,001-787-497-8889x75358,2025-06-23 02:01:21,False
831,Amanda,Glass,harrisjoshua@example.com,2022-07-14,(219)495-1715x2391,2025-07-09 14:36:31,True
832,Kimberly,Blair,elizabeth14@example.org,2024-08-02,983-309-3096x713,2025-07-11 03:19:09,True
833,Dustin,Williams,jessicawilson@example.org,2021-07-11,+1-476-472-0191x11661,2025-06-13 14:53:44,True
834,Christina,Johnson,jenniferstanley@example.net,2024-03-30,839.730.4936,2025-06-21 16:56:28,False
835,Alexander,White,kimberly12@example.com,2022-01-08,214-708-6825,2025-06-18 02:59:44,True
836,Caitlyn,Bennett,larsenbrittany@example.net,2023-08-23,(361)503-9952x970,2025-07-03 14:46:27,True
837,Donald,Lee,andrea85@example.com,2023-02-18,001-423-904-1202x70615,2025-06-22 19:02:41,False
838,Troy,Brown,ramosjennifer@example.org,2024-03-10,(290)563-2248x15542,2025-06-25 10:42:56,True
839,John,Martinez,rebecca67@example.net,2024-05-12,(464)591-5795x546,2025-06-23 18:53:57,False
840,Mckenzie,Taylor,steven01@example.org,2025-03-30,5183103068,2025-07-03 09:38:16,False
841,Joshua,Harding,hmartin@example.org,2025-02-25,3817571290,2025-06-14 12:58:31,False
842,Christopher,Romero,pchavez@example.org,2024-06-14,001-835-410-4584x743,2025-06-17 03:11:42,False
843,James,Smith,iwhite@example.net,2023-07-18,566.594.7031x805,2025-07-11 01:17:54,False
844,Eric,Patrick,bweeks@example.com,2024-03-28,(215)291-8327,2025-06-14 09:13:19,True
845,Richard,Coleman,tammy90@example.org,2021-07-06,6795771400,2025-07-07 23:47:57,False
846,Shelly,Jones,audrey53@example.net,2021-01-30,920-549-9809x49769,2025-06-14 18:00:15,True
847,Steven,Gonzales,cervantespatrick@example.net,2023-01-05,966-912-3740,2025-07-09 07:25:10,True
848,John,Rivas,samuel38@example.net,2022-12-25,001-891-497-0142,2025-06-12 20:47:07,True
849,Tanner,Robertson,danieljenkins@example.org,2020-10-03,+1-941-481-3599x8989,2025-06-17 00:34:28,True
850,Theresa,Estes,sarah80@example.org,2025-03-04,(944)782-2175x8839,2025-07-02 20:03:19,True
851,Amber,Brown,greenbrandon@example.com,2023-03-31,912.636.9149x6112,2025-06-19 14:46:53,False
852,Ellen,Castro,stevengoodwin@example.net,2024-07-31,+1-804-209-5314x19615,2025-07-05 14:06:05,False
853,Dawn,Thompson,emily88@example.org,2023-05-11,001-865-817-9624x0964,2025-07-08 03:12:06,True
854,Jennifer,Walls,cjohnson@example.net,2023-03-07,(417)402-8516,2025-06-28 20:24:22,False
855,Kathleen,Petersen,ihill@example.org,2020-07-11,893.948.6883x90624,2025-06-18 22:27:28,False
856,Alison,Guzman,colemancindy@example.org,2021-04-13,513-919-3592x3613,2025-07-01 09:03:42,True
857,Matthew,Pollard,hullmanuel@example.net,2021-04-29,(850)725-4472x4191,2025-06-13 02:54:44,True
858,Heidi,Hill,emorales@example.com,2024-08-22,001-818-924-9898x0880,2025-07-08 08:16:31,True
859,Collin,Miller,robert13@example.com,2022-02-03,(964)686-9893x9698,2025-07-06 04:30:39,True
860,Ashley,Barker,murphybrianna@example.com,2020-12-10,519-829-2075,2025-06-13 17:58:06,True
861,Daniel,Wells,dvega@example.org,2025-02-04,001-786-236-5362x18945,2025-06-29 23:40:57,False
862,Adrian,Johnson,lindsay48@example.net,2022-08-26,(804)966-4896,2025-07-01 12:21:23,True
863,Mark,Graham,alexisgibbs@example.com,2023-03-14,(257)875-8097x45338,2025-06-17 22:35:37,True
864,Melody,Wood,yliu@example.org,2022-02-02,001-865-440-1659x95300,2025-06-20 15:42:04,True
865,Gregory,Phillips,epatterson@example.net,2024-07-21,362-759-1601x1241,2025-07-06 00:35:34,True
866,Amanda,Holmes,aholder@example.net,2020-08-25,579-386-7782,2025-06-19 23:33:57,False
867,Caitlin,David,agalvan@example.com,2024-04-26,(264)526-1212,2025-07-07 06:11:16,True
868,Jeremy,Wolf,bpeterson@example.com,2023-10-21,001-580-778-5254x82421,2025-06-23 21:09:20,True
869,Laura,Whitney,brandon64@example.com,2023-08-25,975-323-1123x2748,2025-07-03 11:17:51,False
870,Rachel,Sanders,johncarter@example.net,2021-12-08,220.338.8621x7508,2025-07-11 01:02:22,True
871,Suzanne,Serrano,mark30@example.com,2022-06-23,388-824-9353x40018,2025-07-02 23:24:13,False
872,William,Palmer,kirbymichael@example.org,2022-11-23,945-544-6083x851,2025-07-03 10:48:55,False
873,Kristen,Rodriguez,john91@example.org,2025-02-01,488.248.6999x698,2025-06-26 10:44:19,True
874,Timothy,Warner,cgarcia@example.net,2021-09-10,563-501-9864x242,2025-07-10 08:19:23,False
875,Francisco,Young,hernandezdaniel@example.net,2025-03-13,406.429.3288x0983,2025-06-17 11:15:29,True
876,Lisa,Smith,gregorysmith@example.org,2024-12-17,(276)361-0089x8761,2025-06-25 22:23:06,True
877,Nathan,Robles,bryan38@example.com,2023-03-29,+1-631-898-0746x8235,2025-07-10 04:01:21,True
878,Marilyn,Tyler,smithjessica@example.org,2024-05-29,001-862-805-4596x71500,2025-06-30 12:26:29,False
879,Joseph,Jones,thendricks@example.org,2021-04-16,001-934-207-8516x994,2025-07-06 23:13:59,False
880,Alexis,Mejia,russellkelley@example.com,2025-03-27,(968)299-9626,2025-07-07 05:14:49,True
881,Amber,Grant,kennedywanda@example.net,2024-08-25,+1-915-805-9625x719,2025-06-12 17:22:04,False
882,Brooke,Martinez,andersonnicole@example.com,2024-05-22,+1-489-382-6041x8095,2025-07-03 23:13:21,True
883,Matthew,Edwards,murraystephen@example.net,2021-04-16,+1-827-446-9211x88241,2025-07-02 17:48:44,True
884,Gregory,Thomas,lcook@example.org,2024-05-05,7459421854,2025-06-13 18:59:49,True
885,Ryan,Wagner,kirkdonald@example.com,2024-09-30,6902016356,2025-07-03 21:19:35,True
886,Jason,Taylor,gbraun@example.org,2025-04-14,+1-954-500-1788x224,2025-06-15 23:05:50,True
887,Victoria,Jones,adam10@example.com,2025-04-22,+1-401-819-5092x7115,2025-06-15 12:21:24,False
888,Nicole,Manning,staceyatkins@example.com,2020-12-22,001-723-200-7169,2025-06-11 19:29:56,False
889,Jonathan,Haynes,wileyaudrey@example.com,2025-04-20,001-554-832-9876x989,2025-06-28 07:38:22,True
890,Brooke,Ramirez,amiranda@example.net,2021-04-09,+1-782-273-4813x104,2025-06-19 01:14:34,True
891,Kim,Beck,lwalker@example.org,2024-07-03,635-874-8352x6806,2025-06-13 11:28:41,False
892,Ruben,Lee,veronicadavies@example.com,2025-02-17,738.242.5364x62805,2025-07-03 05:11:57,False
893,Sara,Bush,nward@example.com,2023-07-09,256-723-9209,2025-06-27 08:15:59,True
894,Brad,Fuller,jessica91@example.org,2021-05-15,717-686-1902,2025-07-03 04:48:50,False
895,Paul,Mcdaniel,garyjohnson@example.net,2023-09-05,954.712.0122,2025-07-09 01:26:43,True
896,Monica,Brown,michellemalone@example.net,2020-12-14,951-753-2594,2025-06-13 03:24:26,False
897,Justin,Blanchard,cgarcia@example.net,2022-02-24,(579)380-5950,2025-06-13 22:13:40,True
898,Toni,Roberts,taramejia@example.org,2022-04-02,001-691-304-5203x608,2025-06-15 02:01:54,False
899,Kevin,Austin,mosesveronica@example.com,2022-01-02,+1-755-835-9520,2025-06-15 00:27:44,True
900,Brian,Stuart,schneiderraymond@example.com,2025-03-07,9186677403,2025-06-17 16:07:41,False
901,Pamela,Robinson,ashleyroberts@example.net,2023-09-17,700.267.7625,2025-06-22 04:05:04,True
902,Cynthia,Poole,snydertricia@example.com,2022-09-10,(262)441-7842,2025-07-09 09:21:31,False
903,Kimberly,Robinson,kylechase@example.org,2020-08-26,001-609-506-0530x8868,2025-06-12 06:22:55,True
904,Olivia,Wilson,olong@example.org,2020-07-30,857-659-8875x9212,2025-06-19 17:16:19,False
905,Brandon,Ashley,robertbrock@example.org,2020-08-05,001-427-255-8214x770,2025-07-03 04:30:07,True
906,Christopher,Cooper,jeremiahwalton@example.org,2022-01-23,362.919.2158,2025-06-11 19:07:02,False
907,Michael,Davis,mejiawesley@example.org,2025-01-28,(858)281-9597x721,2025-06-14 00:47:25,False
908,Victoria,Morgan,timothycannon@example.net,2022-05-11,686-792-8972,2025-06-26 16:28:01,True
909,Diane,Cowan,garywebster@example.org,2020-07-13,4284394823,2025-06-14 11:03:41,True
910,Christopher,Ramirez,diana28@example.net,2021-06-15,465-299-3020,2025-06-21 16:18:26,True
911,Joshua,Klein,jefferyanderson@example.net,2024-04-03,252.813.5302x8165,2025-06-23 21:26:40,False
912,James,Fleming,cooperlaura@example.org,2024-04-06,475.369.1983x210,2025-07-01 18:28:24,False
913,Nicole,Jennings,harrisonnicholas@example.net,2020-11-13,(698)331-0438,2025-06-30 09:08:20,False
914,Francis,Bradley,sheilabarnes@example.org,2024-10-13,8565856670,2025-06-30 17:10:48,True
915,Christopher,Hunt,dcox@example.com,2025-06-19,844-707-6634x9339,2025-06-12 00:04:51,True
916,Deborah,Bennett,klopez@example.com,2021-09-01,(311)242-4362x58542,2025-07-07 12:03:31,False
917,Trevor,Downs,singhsarah@example.org,2022-07-25,001-641-999-6433x8532,2025-06-20 15:36:32,True
918,Elizabeth,Diaz,jeffreygreen@example.org,2020-10-25,001-931-815-8760x545,2025-07-08 22:54:42,False
919,Joseph,Rivera,tmorales@example.net,2022-10-21,001-853-353-6597x4669,2025-07-02 12:10:47,True
920,Rebecca,Martinez,matthewwood@example.net,2020-08-03,001-459-748-1526,2025-06-29 14:37:59,False
921,Patrick,Turner,pwhite@example.org,2024-05-18,623-559-1426x140,2025-06-23 14:51:28,True
922,Shelley,Velasquez,kimberly43@example.net,2020-12-30,796.437.3100x817,2025-06-18 11:40:51,True
923,Christopher,Blair,jdavis@example.com,2023-03-26,(635)942-6874,2025-06-13 22:46:10,True
924,Tyler,Day,mollypeck@example.net,2020-09-26,001-886-752-3777x296,2025-07-01 08:01:09,True
925,James,Smith,rhonda05@example.org,2024-04-04,+1-410-955-8000,2025-06-20 05:43:54,False
926,David,Parker,steven31@example.com,2020-09-30,+1-543-391-3681x720,2025-06-21 04:57:25,True
927,Cindy,Bell,aprilmyers@example.net,2020-10-01,+1-429-473-5259x533,2025-06-18 21:48:09,False
928,Heather,Briggs,hollylee@example.net,2022-01-02,8458735323,2025-06-15 19:37:23,False
929,Michael,Johnson,ddavis@example.net,2024-06-05,5828697182,2025-06-13 11:04:40,True
930,Alexis,Martinez,pgarcia@example.net,2022-05-31,+1-882-917-6484,2025-06-21 07:30:24,True
931,Scott,Baker,jasonbooker@example.org,2021-10-27,(728)401-9442,2025-06-20 12:39:55,True
932,Jessica,Gomez,bennettlori@example.net,2023-05-24,250.663.7311,2025-06-30 20:27:50,False
933,Laura,Hill,adamcaldwell@example.org,2025-04-11,618-852-0136x2608,2025-06-22 17:13:04,False
934,Maria,Wells,paul54@example.com,2020-11-26,(354)791-2151x641,2025-06-27 14:33:11,False
935,Joseph,Hudson,johnstonnicholas@example.org,2023-04-03,887.452.0702x042,2025-06-12 07:30:20,True
936,Cindy,Pearson,taylordorothy@example.org,2023-02-20,939-836-9678,2025-06-13 08:28:10,False
937,Stephanie,Wells,martintracy@example.com,2022-06-28,992-827-6075,2025-06-28 16:43:51,True
938,Mary,Boyle,james91@example.net,2023-10-10,343-708-9523x12021,2025-06-12 17:32:13,False
939,Michael,Aguirre,victoria97@example.com,2024-08-09,6008268764,2025-07-05 16:29:50,False
940,Kenneth,West,fmclean@example.com,2022-03-27,(956)504-5006x3553,2025-06-13 09:59:00,False
941,Jocelyn,Proctor,djensen@example.com,2021-03-12,295-729-6353,2025-07-10 09:41:17,False
942,Jennifer,White,daniel82@example.com,2024-01-15,+1-836-743-1594x89895,2025-06-25 06:19:53,False
943,Diane,Wright,karen43@example.com,2022-09-17,549-616-9993,2025-06-24 23:27:06,False
944,Shannon,Perez,natalie40@example.net,2025-04-19,(923)509-5862,2025-07-09 12:46:51,False
945,Lisa,Day,cory21@example.org,2025-05-19,520.621.7075x485,2025-07-01 15:04:50,True
946,Matthew,Mcbride,michelemartinez@example.org,2020-08-10,5442964612,2025-06-12 22:02:32,True
947,Phyllis,Baxter,taylordanny@example.net,2024-06-12,365-589-6359x57086,2025-06-14 22:16:30,True
948,Janice,Tran,jordanmurphy@example.com,2022-05-28,413-588-5034,2025-07-01 08:47:09,True
949,Sarah,Yang,hodgejames@example.com,2023-01-05,(846)831-0437,2025-07-07 19:35:54,True
950,Antonio,Moody,jennifer29@example.com,2023-10-08,001-590-721-7741x74304,2025-06-14 10:13:45,True
951,Jeremy,Bauer,stacey22@example.net,2022-11-27,(265)427-5233x28293,2025-06-12 09:03:30,True
952,Mark,Berry,lewisnatalie@example.org,2020-09-16,934.767.7116,2025-06-12 02:36:32,False
953,Melissa,Thomas,wlynch@example.com,2022-08-22,001-902-445-3012x3984,2025-06-22 23:54:58,True
954,Jay,Moran,brandonfernandez@example.com,2021-02-06,001-701-272-2240,2025-07-02 22:00:41,False
955,Robert,Guerra,gblair@example.com,2024-09-25,946-419-9240x65838,2025-07-04 08:44:51,False
956,Eddie,Wagner,whitelevi@example.org,2025-07-01,001-556-968-4482x373,2025-07-09 10:11:56,False
957,Shelby,Bauer,andersonchristopher@example.org,2021-07-15,678.203.5869x01707,2025-06-22 12:54:11,False
958,Edward,Garcia,heather29@example.com,2021-06-14,412.222.7643x3872,2025-06-29 02:24:02,True
959,Edward,Rodriguez,nicholasflores@example.com,2023-10-11,930.283.3444,2025-06-26 09:10:31,False
960,Mary,Porter,alexander70@example.org,2020-08-11,(496)885-1953x774,2025-07-02 07:47:17,False
961,Diane,Moore,robert42@example.com,2024-10-04,352.425.9206x1658,2025-07-10 22:31:47,True
962,Anthony,Wood,edwardmitchell@example.org,2023-04-08,001-463-802-9559x63637,2025-06-19 22:57:00,False
963,Jennifer,Beck,bradbennett@example.com,2022-09-23,+1-280-685-1331x380,2025-07-09 10:46:24,False
964,Melissa,Walker,calebday@example.org,2021-10-24,421-854-8158,2025-07-07 23:17:20,False
965,Amanda,Esparza,patricia19@example.org,2025-01-14,948-980-6442x00629,2025-07-07 01:07:34,False
966,John,Edwards,kimberly66@example.com,2023-12-02,001-441-496-2342x1926,2025-06-15 05:38:15,True
967,Isaac,Torres,williamsfrank@example.com,2025-01-17,914.478.9117,2025-07-01 07:27:09,False
968,Chelsea,Davila,barbara81@example.net,2021-11-21,231.780.0366x60200,2025-06-21 03:19:03,False
969,Evan,Rogers,glopez@example.org,2023-04-05,+1-805-424-3838x0582,2025-07-08 23:53:24,False
970,Cheryl,Brown,bferguson@example.org,2024-05-31,001-363-732-8389x63376,2025-06-17 03:00:26,False
971,Tabitha,Gentry,dthompson@example.org,2022-08-18,(384)510-1328x23392,2025-06-28 13:07:54,True
972,Steven,Greene,ricemark@example.net,2020-09-09,(377)661-0659x2088,2025-06-23 14:20:00,False
973,Charles,Anderson,hhuber@example.com,2024-10-20,001-415-296-9838x457,2025-06-18 21:41:05,False
974,Peter,Richardson,wferguson@example.org,2023-07-14,001-412-757-3498,2025-06-27 10:07:41,True
975,Carrie,Lambert,gallagherjoanna@example.org,2025-06-13,+1-907-847-2966x941,2025-07-05 02:32:19,True
976,Anna,Tran,rparker@example.com,2022-09-09,+1-559-694-6418,2025-06-17 01:15:34,False
977,Steven,Roberts,ostone@example.com,2022-04-11,(298)481-6498x0445,2025-07-06 13:53:08,False
978,Nancy,Murphy,davidclay@example.org,2021-12-01,(627)606-6489x0082,2025-06-28 23:53:56,False
979,Damon,Walker,nancyballard@example.com,2024-08-16,288-439-9741x8563,2025-07-03 07:01:09,True
980,Rose,Williams,brandoncooper@example.com,2023-12-15,399-653-0564,2025-07-09 00:47:47,True
981,Margaret,Irwin,ryan90@example.net,2024-08-08,001-301-287-2600x1365,2025-06-22 19:11:02,True
982,Samantha,Turner,david90@example.com,2024-08-21,356-786-5240x622,2025-06-28 07:08:58,False
983,Carla,Brennan,lesliecoleman@example.org,2022-02-02,(219)605-3347,2025-07-05 19:24:02,True
984,Timothy,Price,gail55@example.net,2022-06-02,+1-465-621-3835x071,2025-06-27 18:07:42,False
985,Michael,Garcia,smithjohn@example.org,2022-02-04,617-532-7726,2025-07-11 13:33:29,True
986,Angela,Joseph,angela22@example.net,2023-02-13,(952)751-6185,2025-07-11 10:36:05,True
987,Shane,Brown,ricedana@example.com,2023-02-23,+1-414-677-4473x535,2025-07-02 20:51:44,False
988,Jessica,Castaneda,daniel71@example.com,2025-06-17,297-534-4930x5378,2025-06-21 01:36:05,True
989,Alyssa,Fisher,barkerjohn@example.net,2024-12-15,+1-426-908-7882x815,2025-07-07 23:07:54,False
990,James,Mitchell,rwhite@example.org,2023-03-10,(917)246-5353,2025-06-16 12:25:23,False
991,Anne,Rodriguez,mjennings@example.com,2022-11-24,(571)877-6296x9143,2025-06-18 05:13:47,False
992,Cassandra,Scott,bsoto@example.com,2023-06-05,7999990010,2025-06-22 15:37:45,False
993,Andre,Bullock,frank18@example.net,2024-01-03,+1-784-942-4648x84997,2025-06-19 21:00:41,False
994,Renee,Watson,tmurphy@example.net,2023-06-27,001-382-481-9022x17978,2025-06-26 02:46:30,False
995,Amber,Fowler,droach@example.org,2023-04-25,001-398-344-5143x67286,2025-06-20 10:26:35,False
996,Jeff,Johnson,karen81@example.org,2025-06-10,297.481.4590,2025-06-16 16:53:45,False
997,Taylor,Williams,dylan66@example.net,2022-04-16,751.558.8070,2025-06-17 17:33:40,False
998,Ralph,Reese,martinezjohn@example.net,2021-03-14,7383297425,2025-06-23 09:39:28,False
999,Ronald,Berry,margaret18@example.net,2021-07-27,8453024373,2025-06-28 06:03:07,False
1000,Laura,Schmidt,nicholasmorales@example.com,2021-03-12,558.296.9335,2025-06-11 22:25:27,False
