supplier_id,supplier_name,country,contact_number
1,"Moore, White and Bell",Saudi Arabia,882-556-2472
2,"Hodges, Gilmore and Lucas",Bermuda,(223)241-4992
3,"Park, Butler and Jackson",Puerto Rico,502.466.0450x956
4,Woods LLC,Oman,5037910193
5,Ryan and Sons,Burkina Faso,(247)811-9360
6,Huynh and Sons,Kyrgyz Republic,605.564.6160x7626
7,"Fox, Ayers and Smith",Montserrat,537-823-4617x62313
8,Smith PLC,Eritrea,916-442-3165x4413
9,Harrison-Jacobson,Mali,(676)806-3494x290
10,Kennedy LLC,Bolivia,487.601.7999x32420
11,"Robinson, Parker and Ingram",Belarus,001-272-434-5653x86947
12,Sawyer-Mejia,Heard Island and McDonald Islands,001-836-626-8904x7238
13,Delgado Inc,Nepal,238-255-7421x64359
14,"Norman, Woods and Jones",Peru,(904)276-1437x88443
15,Luna-Miller,Sao Tome and Principe,756.646.7263x681
16,"Miller, Watson and Holmes",New Caledonia,001-200-627-7291
17,Williams-Gibson,Tajikistan,+1-760-243-5660
18,Mccarthy Group,Ethiopia,(498)433-0677x30671
19,"White, Jenkins and Mathews",United States Minor Outlying Islands,001-841-790-8788
20,Shaw LLC,Philippines,+1-906-873-9634x289
21,Harmon LLC,South Georgia and the South Sandwich Islands,+1-350-849-2217x0486
22,"Cummings, Johnson and Myers",Colombia,4163290739
23,"Carney, Velasquez and Arias",Liechtenstein,982-265-3371
24,"Henderson, Rivas and Bishop",Chile,(294)320-3983x1354
25,Howard-Cunningham,Italy,706.692.1958x730
26,"Moreno, Benjamin and Nelson",Monaco,843.602.1781x67806
27,"Walker, Wilson and Ware",Marshall Islands,001-701-264-9281
28,Ayers Inc,Brazil,209.326.4070x3088
29,Moore-Hernandez,Chad,+1-768-424-4850x072
30,"Lucas, Welch and Davis",Italy,+1-906-891-9612
31,Anderson-Grant,Marshall Islands,(503)691-7026
32,Adams-Nguyen,Nepal,(424)758-7012x0424
33,Russell Inc,Myanmar,623-975-3028
34,Morrow-Mcintosh,Bahamas,796.470.2436
35,"Parker, Bell and Walker",Serbia,(448)318-7540x36488
36,Sawyer-Hudson,Luxembourg,585.846.6232
37,James Group,Netherlands,001-498-264-9125x94972
38,Lopez-Warren,Colombia,(369)992-0666
39,"Silva, Thompson and Stafford",Honduras,+1-899-929-9833x587
40,"Simpson, Carr and Watson",Slovakia (Slovak Republic),(704)513-4820x84931
41,"Rice, Lopez and Duran",Belize,(226)900-0144
42,Thomas-Jensen,San Marino,343-204-9134
43,Black PLC,Lithuania,428-672-0998x65642
44,Rivera Ltd,Pakistan,(908)823-5309
45,Franklin-Mcbride,Nigeria,289-362-9805x682
46,Hopkins-Sanchez,Vietnam,7799661869
47,Todd Ltd,United States Virgin Islands,001-540-943-4741x2531
48,"Montgomery, Jefferson and Davis",Austria,477.232.1750x3619
49,Neal PLC,Samoa,001-991-293-8733
50,Evans and Sons,Sudan,844-474-8904x7607
51,Edwards Inc,Uzbekistan,7763519170
52,Neal-Woodward,Chad,+1-295-314-5634
53,"Norton, Hicks and Cooper",Mayotte,001-811-257-4496x5391
54,"Vasquez, Kennedy and Williams",Algeria,001-230-545-4184
55,"Leblanc, Joseph and Hernandez",Belgium,+1-703-896-6203
56,"Fry, Fuller and Steele",Angola,+1-878-580-2652x95164
57,Bowen LLC,Saint Helena,(923)203-9744x08806
58,"Cortez, Jacobs and Webb",Armenia,+1-520-419-9184x311
59,Gray-Davis,Mauritania,885-280-5263x211
60,Gamble-Lindsey,Peru,(920)653-9707
61,Dawson-Phillips,Saint Kitts and Nevis,001-708-523-1714x619
62,"Nelson, Walter and Tucker",Iceland,(326)623-5960x53026
63,Anderson Group,Suriname,+1-270-836-8605
64,Williams Group,Dominican Republic,(205)502-8164x09891
65,"Williams, Wilson and Martin",Sri Lanka,001-730-925-2094x5237
66,"Harper, Hall and Rodriguez",Pakistan,(960)709-8602
67,Michael-Stanley,Equatorial Guinea,392-305-4894x453
68,"Smith, Hoffman and Higgins",Nepal,(755)483-4456x6229
69,Snyder Group,Austria,266-603-6162x48607
70,Shields-Moore,Italy,(202)335-1585x0153
71,Hall-Swanson,Zambia,967-215-6058
72,Anderson-Scott,Belarus,839.654.7940
73,"Mcgee, Lewis and Frazier",Ghana,001-879-805-7191x898
74,"Zuniga, Abbott and Sullivan",Croatia,(256)718-3359x74876
75,"Harrison, Ingram and Waller",Samoa,001-277-718-4301x922
76,Burns-Robinson,Thailand,(697)232-3964
77,Oneill and Sons,Gibraltar,426.976.9924
78,Sellers-Howell,Russian Federation,(238)352-0232
79,Barker-Smith,Jamaica,+1-433-228-4423x471
80,"Webb, Wilkins and Atkins",Greenland,552-560-7569x991
81,Johnson Ltd,Syrian Arab Republic,(543)532-2622x7777
82,Perry Ltd,Madagascar,001-206-564-7070x385
83,Salinas-Rogers,Germany,(698)242-4107
84,Hurst LLC,Andorra,+1-467-258-2676x25906
85,Sanchez Group,Comoros,556.346.1497x45979
86,"Schaefer, Pollard and Hale",Montserrat,+1-779-784-9149x86099
87,Delacruz PLC,Reunion,+1-432-366-4322x39461
88,Higgins PLC,Romania,+1-611-259-4853
89,Lyons and Sons,Poland,762.823.9847x422
90,"Murray, Gordon and Vasquez",Tanzania,388.822.3788x70584
91,"Williams, Terry and Archer",Cook Islands,001-249-756-4799x846
92,"Patterson, Wallace and Adams",Singapore,(238)430-9723x6108
93,Miller-Morales,Albania,765-955-7864
94,"Mcintosh, Arroyo and Morris",Sao Tome and Principe,001-957-751-2476x40006
95,"Buchanan, Perry and Schmidt",Bulgaria,605-616-6545x1224
96,Carrillo PLC,New Zealand,740.923.3868x6083
97,Cross Group,Angola,863.209.4423
98,Williams Ltd,Grenada,001-208-898-3094x1349
99,"Jones, Lawson and Carlson",Trinidad and Tobago,001-572-745-2841
100,Lynch-Rose,French Southern Territories,607-235-6748x09573
